trade_id,strategy_name,session_date,direction,level_type,setup_mode,feature_method,share_mode,lookback_minutes,trend_lookback_minutes,rank_window,configured_direction,share_rank,share_value,es_pullback_return_ticks,trend_return_ticks,trend_start_timestamp,trend_end_timestamp,share_rank_min,min_abs_return_ticks,min_trend_return_ticks,crowding_signal_timestamp,crowding_intended_entry_timestamp,signal_close_timestamp,intended_entry_timestamp,signal_stop_pct,signal_target_r_multiple,signal_flatten_time,swept_level,sweep_timestamp,sweep_high,sweep_low,reclaim_timestamp,entry_timestamp,entry_price,stop_price,target_price,risk_points,contracts,max_favorable_excursion,max_adverse_excursion,position_sizing_mode,exit_timestamp,exit_price,exit_reason,gross_pnl,net_pnl,r_multiple,commission,slippage_cost,apex_rules_enabled,latest_flat_time,force_flatten_time,latest_entry_time,was_forced_flatten,position_flat_before_deadline,pending_orders_cancelled_before_deadline,entry_before_latest_entry_time,exit_before_flatten_deadline,apex_rule_violation
1,trend_filtered_mes_participation_crowding,2025-06-24,short,trend_filtered_mes_participation_morning_trade_trend_pullback_reversal_1030,morning_trade_trend_pullback_reversal_1030,completed_bar_mes_participation_crowding_with_prior_trend_filter,trade,15,30,252,both,0.746031746031746,0.4027032929699823,21.0,-36.0,2025-06-24 09:45:00-04:00,2025-06-24 10:15:00-04:00,0.5,4.0,4.0,2025-06-24 10:30:00-04:00,2025-06-24 10:30:00-04:00,2025-06-24 10:30:00-04:00,2025-06-24 10:30:00-04:00,0.003,1.5,12:00:00,6121.75,2025-06-24 10:29:00-04:00,6122.75,6120.5,2025-06-24 10:30:00-04:00,2025-06-24 10:30:00-04:00,6121.75,6146.25,6097.25,24.5,1,0.5,16.5,fixed_contracts,2025-06-24 12:00:00-04:00,6134.5,eod_flatten,-637.5,-642.5,-0.5204081632653061,5.0,25.0,True,16:59:59,16:58:30,16:45:00,False,True,True,True,True,False
2,trend_filtered_mes_participation_crowding,2025-06-25,short,trend_filtered_mes_participation_morning_trade_trend_pullback_reversal_1030,morning_trade_trend_pullback_reversal_1030,completed_bar_mes_participation_crowding_with_prior_trend_filter,trade,15,30,252,both,0.7103174603174603,0.390563098152682,10.0,-34.0,2025-06-25 09:45:00-04:00,2025-06-25 10:15:00-04:00,0.5,4.0,4.0,2025-06-25 10:30:00-04:00,2025-06-25 10:30:00-04:00,2025-06-25 10:30:00-04:00,2025-06-25 10:30:00-04:00,0.003,1.5,12:00:00,6152.25,2025-06-25 10:29:00-04:00,6152.5,6151.0,2025-06-25 10:30:00-04:00,2025-06-25 10:30:00-04:00,6152.0,6176.75,6127.25,24.75,1,12.0,7.5,fixed_contracts,2025-06-25 12:00:00-04:00,6145.0,eod_flatten,350.0,345.0,0.2828282828282828,5.0,25.0,True,16:59:59,16:58:30,16:45:00,False,True,True,True,True,False
3,trend_filtered_mes_participation_crowding,2025-06-27,long,trend_filtered_mes_participation_morning_trade_trend_pullback_reversal_1030,morning_trade_trend_pullback_reversal_1030,completed_bar_mes_participation_crowding_with_prior_trend_filter,trade,15,30,252,both,0.5753968253968254,0.3707446919125751,-7.0,59.0,2025-06-27 09:45:00-04:00,2025-06-27 10:15:00-04:00,0.5,4.0,4.0,2025-06-27 10:30:00-04:00,2025-06-27 10:30:00-04:00,2025-06-27 10:30:00-04:00,2025-06-27 10:30:00-04:00,0.003,1.5,12:00:00,6224.0,2025-06-27 10:29:00-04:00,6224.25,6222.75,2025-06-27 10:30:00-04:00,2025-06-27 10:30:00-04:00,6224.25,6199.25,6249.25,25.0,1,11.75,3.5,fixed_contracts,2025-06-27 12:00:00-04:00,6233.75,eod_flatten,475.0,470.0,0.38,5.0,25.0,True,16:59:59,16:58:30,16:45:00,False,True,True,True,True,False
4,trend_filtered_mes_participation_crowding,2025-07-01,long,trend_filtered_mes_participation_morning_trade_trend_pullback_reversal_1030,morning_trade_trend_pullback_reversal_1030,completed_bar_mes_participation_crowding_with_prior_trend_filter,trade,15,30,252,both,0.5198412698412699,0.364615360845449,-22.0,43.0,2025-07-01 09:45:00-04:00,2025-07-01 10:15:00-04:00,0.5,4.0,4.0,2025-07-01 10:30:00-04:00,2025-07-01 10:30:00-04:00,2025-07-01 10:30:00-04:00,2025-07-01 10:30:00-04:00,0.003,1.5,12:00:00,6243.5,2025-07-01 10:29:00-04:00,6243.75,6241.25,2025-07-01 10:30:00-04:00,2025-07-01 10:30:00-04:00,6243.75,6218.75,6268.75,25.0,1,4.75,16.25,fixed_contracts,2025-07-01 12:00:00-04:00,6241.75,eod_flatten,-100.0,-105.0,-0.08,5.0,25.0,True,16:59:59,16:58:30,16:45:00,False,True,True,True,True,False
5,trend_filtered_mes_participation_crowding,2025-07-07,short,trend_filtered_mes_participation_morning_trade_trend_pullback_reversal_1030,morning_trade_trend_pullback_reversal_1030,completed_bar_mes_participation_crowding_with_prior_trend_filter,trade,15,30,252,both,0.6984126984126984,0.3886248156039993,12.0,-27.0,2025-07-07 09:45:00-04:00,2025-07-07 10:15:00-04:00,0.5,4.0,4.0,2025-07-07 10:30:00-04:00,2025-07-07 10:30:00-04:00,2025-07-07 10:30:00-04:00,2025-07-07 10:30:00-04:00,0.003,1.5,12:00:00,6299.0,2025-07-07 10:29:00-04:00,6299.5,6297.5,2025-07-07 10:30:00-04:00,2025-07-07 10:30:00-04:00,6298.75,6324.0,6273.5,25.25,1,19.0,0.75,fixed_contracts,2025-07-07 12:00:00-04:00,6286.0,eod_flatten,637.5,632.5,0.504950495049505,5.0,25.0,True,16:59:59,16:58:30,16:45:00,False,True,True,True,True,False
6,trend_filtered_mes_participation_crowding,2025-07-14,long,trend_filtered_mes_participation_morning_trade_trend_pullback_reversal_1030,morning_trade_trend_pullback_reversal_1030,completed_bar_mes_participation_crowding_with_prior_trend_filter,trade,15,30,252,both,0.6865079365079365,0.3866284586480434,-10.0,40.0,2025-07-14 09:45:00-04:00,2025-07-14 10:15:00-04:00,0.5,4.0,4.0,2025-07-14 10:30:00-04:00,2025-07-14 10:30:00-04:00,2025-07-14 10:30:00-04:00,2025-07-14 10:30:00-04:00,0.003,1.5,12:00:00,6289.25,2025-07-14 10:29:00-04:00,6289.75,6288.25,2025-07-14 10:30:00-04:00,2025-07-14 10:30:00-04:00,6289.5,6264.25,6314.75,25.25,1,17.5,3.75,fixed_contracts,2025-07-14 12:00:00-04:00,6301.75,eod_flatten,612.5,607.5,0.48514851485148514,5.0,25.0,True,16:59:59,16:58:30,16:45:00,False,True,True,True,True,False
7,trend_filtered_mes_participation_crowding,2025-07-16,short,trend_filtered_mes_participation_morning_trade_trend_pullback_reversal_1030,morning_trade_trend_pullback_reversal_1030,completed_bar_mes_participation_crowding_with_prior_trend_filter,trade,15,30,252,both,0.5476190476190477,0.3698911353032659,12.0,-37.0,2025-07-16 09:45:00-04:00,2025-07-16 10:15:00-04:00,0.5,4.0,4.0,2025-07-16 10:30:00-04:00,2025-07-16 10:30:00-04:00,2025-07-16 10:30:00-04:00,2025-07-16 10:30:00-04:00,0.003,1.5,12:00:00,6286.0,2025-07-16 10:29:00-04:00,6287.25,6283.25,2025-07-16 10:30:00-04:00,2025-07-16 10:30:00-04:00,6285.5,6310.75,6260.25,25.25,1,26.75,9.5,fixed_contracts,2025-07-16 11:20:00-04:00,6260.5,target,1250.0,1245.0,0.9900990099009901,5.0,25.0,True,16:59:59,16:58:30,16:45:00,False,True,True,True,True,False
8,trend_filtered_mes_participation_crowding,2025-07-17,long,trend_filtered_mes_participation_morning_trade_trend_pullback_reversal_1030,morning_trade_trend_pullback_reversal_1030,completed_bar_mes_participation_crowding_with_prior_trend_filter,trade,15,30,252,both,0.5912698412698413,0.3780756402995406,-30.0,24.0,2025-07-17 09:45:00-04:00,2025-07-17 10:15:00-04:00,0.5,4.0,4.0,2025-07-17 10:30:00-04:00,2025-07-17 10:30:00-04:00,2025-07-17 10:30:00-04:00,2025-07-17 10:30:00-04:00,0.003,1.5,12:00:00,6315.0,2025-07-17 10:29:00-04:00,6315.5,6311.75,2025-07-17 10:30:00-04:00,2025-07-17 10:30:00-04:00,6315.25,6289.75,6340.75,25.5,1,18.5,4.75,fixed_contracts,2025-07-17 12:00:00-04:00,6333.0,eod_flatten,887.5,882.5,0.696078431372549,5.0,25.0,True,16:59:59,16:58:30,16:45:00,False,True,True,True,True,False
9,trend_filtered_mes_participation_crowding,2025-07-30,short,trend_filtered_mes_participation_morning_trade_trend_pullback_reversal_1030,morning_trade_trend_pullback_reversal_1030,completed_bar_mes_participation_crowding_with_prior_trend_filter,trade,15,30,252,both,0.5674603174603174,0.3730540961276513,27.0,-13.0,2025-07-30 09:45:00-04:00,2025-07-30 10:15:00-04:00,0.5,4.0,4.0,2025-07-30 10:30:00-04:00,2025-07-30 10:30:00-04:00,2025-07-30 10:30:00-04:00,2025-07-30 10:30:00-04:00,0.003,1.5,12:00:00,6416.0,2025-07-30 10:29:00-04:00,6416.25,6415.0,2025-07-30 10:30:00-04:00,2025-07-30 10:30:00-04:00,6415.5,6441.25,6389.75,25.75,1,13.25,5.5,fixed_contracts,2025-07-30 12:00:00-04:00,6414.25,eod_flatten,62.5,57.5,0.04854368932038835,5.0,25.0,True,16:59:59,16:58:30,16:45:00,False,True,True,True,True,False
10,trend_filtered_mes_participation_crowding,2025-08-01,short,trend_filtered_mes_participation_morning_trade_trend_pullback_reversal_1030,morning_trade_trend_pullback_reversal_1030,completed_bar_mes_participation_crowding_with_prior_trend_filter,trade,15,30,252,both,0.5873015873015873,0.3777271112653135,58.0,-16.0,2025-08-01 09:45:00-04:00,2025-08-01 10:15:00-04:00,0.5,4.0,4.0,2025-08-01 10:30:00-04:00,2025-08-01 10:30:00-04:00,2025-08-01 10:30:00-04:00,2025-08-01 10:30:00-04:00,0.003,1.5,12:00:00,6281.0,2025-08-01 10:29:00-04:00,6281.5,6278.25,2025-08-01 10:30:00-04:00,2025-08-01 10:30:00-04:00,6280.75,6306.0,6255.5,25.25,1,20.25,7.25,fixed_contracts,2025-08-01 12:00:00-04:00,6287.5,eod_flatten,-337.5,-342.5,-0.26732673267326734,5.0,25.0,True,16:59:59,16:58:30,16:45:00,False,True,True,True,True,False
11,trend_filtered_mes_participation_crowding,2025-08-06,long,trend_filtered_mes_participation_morning_trade_trend_pullback_reversal_1030,morning_trade_trend_pullback_reversal_1030,completed_bar_mes_participation_crowding_with_prior_trend_filter,trade,15,30,252,both,0.6507936507936508,0.3833434946957688,-28.0,16.0,2025-08-06 09:45:00-04:00,2025-08-06 10:15:00-04:00,0.5,4.0,4.0,2025-08-06 10:30:00-04:00,2025-08-06 10:30:00-04:00,2025-08-06 10:30:00-04:00,2025-08-06 10:30:00-04:00,0.003,1.5,12:00:00,6332.25,2025-08-06 10:29:00-04:00,6334.0,6328.75,2025-08-06 10:30:00-04:00,2025-08-06 10:30:00-04:00,6332.75,6307.25,6358.25,25.5,1,25.5,4.5,fixed_contracts,2025-08-06 11:18:00-04:00,6358.0,target,1262.5,1257.5,0.9901960784313726,5.0,25.0,True,16:59:59,16:58:30,16:45:00,False,True,True,True,True,False
12,trend_filtered_mes_participation_crowding,2025-08-18,long,trend_filtered_mes_participation_morning_trade_trend_pullback_reversal_1030,morning_trade_trend_pullback_reversal_1030,completed_bar_mes_participation_crowding_with_prior_trend_filter,trade,15,30,252,both,0.5357142857142857,0.3720345538937596,-12.0,4.0,2025-08-18 09:45:00-04:00,2025-08-18 10:15:00-04:00,0.5,4.0,4.0,2025-08-18 10:30:00-04:00,2025-08-18 10:30:00-04:00,2025-08-18 10:30:00-04:00,2025-08-18 10:30:00-04:00,0.003,1.5,12:00:00,6465.75,2025-08-18 10:29:00-04:00,6468.5,6465.75,2025-08-18 10:30:00-04:00,2025-08-18 10:30:00-04:00,6466.0,6440.0,6492.0,26.0,1,4.5,7.5,fixed_contracts,2025-08-18 12:00:00-04:00,6463.0,eod_flatten,-150.0,-155.0,-0.11538461538461539,5.0,25.0,True,16:59:59,16:58:30,16:45:00,False,True,True,True,True,False
13,trend_filtered_mes_participation_crowding,2025-09-04,short,trend_filtered_mes_participation_morning_trade_trend_pullback_reversal_1030,morning_trade_trend_pullback_reversal_1030,completed_bar_mes_participation_crowding_with_prior_trend_filter,trade,15,30,252,both,0.6547619047619048,0.3813304657808679,39.0,-45.0,2025-09-04 09:45:00-04:00,2025-09-04 10:15:00-04:00,0.5,4.0,4.0,2025-09-04 10:30:00-04:00,2025-09-04 10:30:00-04:00,2025-09-04 10:30:00-04:00,2025-09-04 10:30:00-04:00,0.003,1.5,12:00:00,6470.25,2025-09-04 10:29:00-04:00,6470.5,6468.75,2025-09-04 10:30:00-04:00,2025-09-04 10:30:00-04:00,6469.75,6495.75,6443.75,26.0,1,0.0,18.0,fixed_contracts,2025-09-04 12:00:00-04:00,6483.5,eod_flatten,-687.5,-692.5,-0.5288461538461539,5.0,25.0,True,16:59:59,16:58:30,16:45:00,False,True,True,True,True,False
14,trend_filtered_mes_participation_crowding,2025-10-01,short,trend_filtered_mes_participation_morning_trade_trend_pullback_reversal_1030,morning_trade_trend_pullback_reversal_1030,completed_bar_mes_participation_crowding_with_prior_trend_filter,trade,15,30,252,both,0.7261904761904762,0.3891923174304626,36.0,-24.0,2025-10-01 09:45:00-04:00,2025-10-01 10:15:00-04:00,0.5,4.0,4.0,2025-10-01 10:30:00-04:00,2025-10-01 10:30:00-04:00,2025-10-01 10:30:00-04:00,2025-10-01 10:30:00-04:00,0.003,1.5,12:00:00,6730.5,2025-10-01 10:29:00-04:00,6732.25,6729.25,2025-10-01 10:30:00-04:00,2025-10-01 10:30:00-04:00,6730.25,6757.25,6703.25,27.0,1,2.75,17.25,fixed_contracts,2025-10-01 12:00:00-04:00,6745.0,eod_flatten,-737.5,-742.5,-0.5462962962962963,5.0,25.0,True,16:59:59,16:58:30,16:45:00,False,True,True,True,True,False
15,trend_filtered_mes_participation_crowding,2025-10-02,short,trend_filtered_mes_participation_morning_trade_trend_pullback_reversal_1030,morning_trade_trend_pullback_reversal_1030,completed_bar_mes_participation_crowding_with_prior_trend_filter,trade,15,30,252,both,0.5674603174603174,0.3717866823196312,5.0,-18.0,2025-10-02 09:45:00-04:00,2025-10-02 10:15:00-04:00,0.5,4.0,4.0,2025-10-02 10:30:00-04:00,2025-10-02 10:30:00-04:00,2025-10-02 10:30:00-04:00,2025-10-02 10:30:00-04:00,0.003,1.5,12:00:00,6761.5,2025-10-02 10:29:00-04:00,6762.75,6761.0,2025-10-02 10:30:00-04:00,2025-10-02 10:30:00-04:00,6761.0,6788.25,6733.75,27.25,1,19.5,3.75,fixed_contracts,2025-10-02 12:00:00-04:00,6757.75,eod_flatten,162.5,157.5,0.11926605504587157,5.0,25.0,True,16:59:59,16:58:30,16:45:00,False,True,True,True,True,False
16,trend_filtered_mes_participation_crowding,2025-10-03,short,trend_filtered_mes_participation_morning_trade_trend_pullback_reversal_1030,morning_trade_trend_pullback_reversal_1030,completed_bar_mes_participation_crowding_with_prior_trend_filter,trade,15,30,252,both,0.6031746031746031,0.3753776894530854,32.0,-8.0,2025-10-03 09:45:00-04:00,2025-10-03 10:15:00-04:00,0.5,4.0,4.0,2025-10-03 10:30:00-04:00,2025-10-03 10:30:00-04:00,2025-10-03 10:30:00-04:00,2025-10-03 10:30:00-04:00,0.003,1.5,12:00:00,6786.75,2025-10-03 10:29:00-04:00,6786.75,6785.5,2025-10-03 10:30:00-04:00,2025-10-03 10:30:00-04:00,6786.25,6813.5,6759.0,27.25,1,0.5,13.0,fixed_contracts,2025-10-03 12:00:00-04:00,6798.0,eod_flatten,-587.5,-592.5,-0.43119266055045874,5.0,25.0,True,16:59:59,16:58:30,16:45:00,False,True,True,True,True,False
17,trend_filtered_mes_participation_crowding,2025-10-13,long,trend_filtered_mes_participation_morning_trade_trend_pullback_reversal_1030,morning_trade_trend_pullback_reversal_1030,completed_bar_mes_participation_crowding_with_prior_trend_filter,trade,15,30,252,both,0.75,0.3957966465048618,-55.0,45.0,2025-10-13 09:45:00-04:00,2025-10-13 10:15:00-04:00,0.5,4.0,4.0,2025-10-13 10:30:00-04:00,2025-10-13 10:30:00-04:00,2025-10-13 10:30:00-04:00,2025-10-13 10:30:00-04:00,0.003,1.5,12:00:00,6672.75,2025-10-13 10:29:00-04:00,6674.0,6671.5,2025-10-13 10:30:00-04:00,2025-10-13 10:30:00-04:00,6673.25,6646.5,6700.0,26.75,1,23.5,11.5,fixed_contracts,2025-10-13 12:00:00-04:00,6694.0,eod_flatten,1037.5,1032.5,0.7757009345794392,5.0,25.0,True,16:59:59,16:58:30,16:45:00,False,True,True,True,True,False
18,trend_filtered_mes_participation_crowding,2025-10-16,short,trend_filtered_mes_participation_morning_trade_trend_pullback_reversal_1030,morning_trade_trend_pullback_reversal_1030,completed_bar_mes_participation_crowding_with_prior_trend_filter,trade,15,30,252,both,0.7698412698412699,0.4083317537541332,45.0,-60.0,2025-10-16 09:45:00-04:00,2025-10-16 10:15:00-04:00,0.5,4.0,4.0,2025-10-16 10:30:00-04:00,2025-10-16 10:30:00-04:00,2025-10-16 10:30:00-04:00,2025-10-16 10:30:00-04:00,0.003,1.5,12:00:00,6732.25,2025-10-16 10:29:00-04:00,6732.75,6728.25,2025-10-16 10:30:00-04:00,2025-10-16 10:30:00-04:00,6732.25,6759.25,6705.25,27.0,1,29.25,18.25,fixed_contracts,2025-10-16 11:56:00-04:00,6705.5,target,1337.5,1332.5,0.9907407407407407,5.0,25.0,True,16:59:59,16:58:30,16:45:00,False,True,True,True,True,False
19,trend_filtered_mes_participation_crowding,2025-10-17,long,trend_filtered_mes_participation_morning_trade_trend_pullback_reversal_1030,morning_trade_trend_pullback_reversal_1030,completed_bar_mes_participation_crowding_with_prior_trend_filter,trade,15,30,252,both,0.8571428571428571,0.4543983202834522,-32.0,181.0,2025-10-17 09:45:00-04:00,2025-10-17 10:15:00-04:00,0.5,4.0,4.0,2025-10-17 10:30:00-04:00,2025-10-17 10:30:00-04:00,2025-10-17 10:30:00-04:00,2025-10-17 10:30:00-04:00,0.003,1.5,12:00:00,6683.0,2025-10-17 10:29:00-04:00,6686.25,6681.0,2025-10-17 10:30:00-04:00,2025-10-17 10:30:00-04:00,6683.25,6656.5,6710.0,26.75,1,0.75,28.5,fixed_contracts,2025-10-17 10:56:00-04:00,6656.25,stop,-1350.0,-1355.0,-1.0093457943925233,5.0,25.0,True,16:59:59,16:58:30,16:45:00,False,True,True,True,True,False
20,trend_filtered_mes_participation_crowding,2025-11-06,short,trend_filtered_mes_participation_morning_trade_trend_pullback_reversal_1030,morning_trade_trend_pullback_reversal_1030,completed_bar_mes_participation_crowding_with_prior_trend_filter,trade,15,30,252,both,0.6468253968253969,0.3778953812128512,59.0,-117.0,2025-11-06 09:45:00-05:00,2025-11-06 10:15:00-05:00,0.5,4.0,4.0,2025-11-06 10:30:00-05:00,2025-11-06 10:30:00-05:00,2025-11-06 10:30:00-05:00,2025-11-06 10:30:00-05:00,0.003,1.5,12:00:00,6792.75,2025-11-06 10:29:00-05:00,6796.5,6791.5,2025-11-06 10:30:00-05:00,2025-11-06 10:30:00-05:00,6792.25,6819.5,6765.0,27.25,1,28.0,1.75,fixed_contracts,2025-11-06 10:37:00-05:00,6765.25,target,1350.0,1345.0,0.9908256880733946,5.0,25.0,True,16:59:59,16:58:30,16:45:00,False,True,True,True,True,False
21,trend_filtered_mes_participation_crowding,2025-11-07,long,trend_filtered_mes_participation_morning_trade_trend_pullback_reversal_1030,morning_trade_trend_pullback_reversal_1030,completed_bar_mes_participation_crowding_with_prior_trend_filter,trade,15,30,252,both,0.6984126984126984,0.384800176564463,-25.0,45.0,2025-11-07 09:45:00-05:00,2025-11-07 10:15:00-05:00,0.5,4.0,4.0,2025-11-07 10:30:00-05:00,2025-11-07 10:30:00-05:00,2025-11-07 10:30:00-05:00,2025-11-07 10:30:00-05:00,0.003,1.5,12:00:00,6703.25,2025-11-07 10:29:00-05:00,6707.25,6700.75,2025-11-07 10:30:00-05:00,2025-11-07 10:30:00-05:00,6703.5,6676.5,6730.5,27.0,1,3.5,27.25,fixed_contracts,2025-11-07 10:59:00-05:00,6676.25,stop,-1362.5,-1367.5,-1.0092592592592593,5.0,25.0,True,16:59:59,16:58:30,16:45:00,False,True,True,True,True,False
22,trend_filtered_mes_participation_crowding,2025-11-13,long,trend_filtered_mes_participation_morning_trade_trend_pullback_reversal_1030,morning_trade_trend_pullback_reversal_1030,completed_bar_mes_participation_crowding_with_prior_trend_filter,trade,15,30,252,both,0.5912698412698413,0.373466788802252,-60.0,107.0,2025-11-13 09:45:00-05:00,2025-11-13 10:15:00-05:00,0.5,4.0,4.0,2025-11-13 10:30:00-05:00,2025-11-13 10:30:00-05:00,2025-11-13 10:30:00-05:00,2025-11-13 10:30:00-05:00,0.003,1.5,12:00:00,6831.0,2025-11-13 10:29:00-05:00,6833.0,6829.75,2025-11-13 10:30:00-05:00,2025-11-13 10:30:00-05:00,6831.25,6803.75,6858.75,27.5,1,0.75,29.0,fixed_contracts,2025-11-13 10:47:00-05:00,6803.5,stop,-1387.5,-1392.5,-1.009090909090909,5.0,25.0,True,16:59:59,16:58:30,16:45:00,False,True,True,True,True,False
23,trend_filtered_mes_participation_crowding,2025-11-17,short,trend_filtered_mes_participation_morning_trade_trend_pullback_reversal_1030,morning_trade_trend_pullback_reversal_1030,completed_bar_mes_participation_crowding_with_prior_trend_filter,trade,15,30,252,both,0.7222222222222222,0.3903462100027222,13.0,-9.0,2025-11-17 09:45:00-05:00,2025-11-17 10:15:00-05:00,0.5,4.0,4.0,2025-11-17 10:30:00-05:00,2025-11-17 10:30:00-05:00,2025-11-17 10:30:00-05:00,2025-11-17 10:30:00-05:00,0.003,1.5,12:00:00,6758.25,2025-11-17 10:29:00-05:00,6760.75,6756.75,2025-11-17 10:30:00-05:00,2025-11-17 10:30:00-05:00,6757.75,6785.0,6730.5,27.25,1,28.0,3.75,fixed_contracts,2025-11-17 11:07:00-05:00,6730.75,target,1350.0,1345.0,0.9908256880733946,5.0,25.0,True,16:59:59,16:58:30,16:45:00,False,True,True,True,True,False
24,trend_filtered_mes_participation_crowding,2025-12-02,long,trend_filtered_mes_participation_morning_trade_trend_pullback_reversal_1030,morning_trade_trend_pullback_reversal_1030,completed_bar_mes_participation_crowding_with_prior_trend_filter,trade,15,30,252,both,0.7420634920634921,0.3975292300904478,-56.0,23.0,2025-12-02 09:45:00-05:00,2025-12-02 10:15:00-05:00,0.5,4.0,4.0,2025-12-02 10:30:00-05:00,2025-12-02 10:30:00-05:00,2025-12-02 10:30:00-05:00,2025-12-02 10:30:00-05:00,0.003,1.5,12:00:00,6840.75,2025-12-02 10:29:00-05:00,6842.5,6838.75,2025-12-02 10:30:00-05:00,2025-12-02 10:30:00-05:00,6840.75,6813.25,6868.25,27.5,1,22.75,22.75,fixed_contracts,2025-12-02 12:00:00-05:00,6830.25,eod_flatten,-525.0,-530.0,-0.38181818181818183,5.0,25.0,True,16:59:59,16:58:30,16:45:00,False,True,True,True,True,False
25,trend_filtered_mes_participation_crowding,2025-12-04,short,trend_filtered_mes_participation_morning_trade_trend_pullback_reversal_1030,morning_trade_trend_pullback_reversal_1030,completed_bar_mes_participation_crowding_with_prior_trend_filter,trade,15,30,252,both,0.8174603174603174,0.433699063765861,17.0,-28.0,2025-12-04 09:45:00-05:00,2025-12-04 10:15:00-05:00,0.5,4.0,4.0,2025-12-04 10:30:00-05:00,2025-12-04 10:30:00-05:00,2025-12-04 10:30:00-05:00,2025-12-04 10:30:00-05:00,0.003,1.5,12:00:00,6858.75,2025-12-04 10:29:00-05:00,6859.5,6857.0,2025-12-04 10:30:00-05:00,2025-12-04 10:30:00-05:00,6858.75,6886.25,6831.25,27.5,1,13.75,10.0,fixed_contracts,2025-12-04 12:00:00-05:00,6867.5,eod_flatten,-437.5,-442.5,-0.3181818181818182,5.0,25.0,True,16:59:59,16:58:30,16:45:00,False,True,True,True,True,False
26,trend_filtered_mes_participation_crowding,2025-12-19,long,trend_filtered_mes_participation_morning_trade_trend_pullback_reversal_1030,morning_trade_trend_pullback_reversal_1030,completed_bar_mes_participation_crowding_with_prior_trend_filter,trade,15,30,252,both,0.5555555555555556,0.3748572287345957,-16.0,10.0,2025-12-19 09:45:00-05:00,2025-12-19 10:15:00-05:00,0.5,4.0,4.0,2025-12-19 10:30:00-05:00,2025-12-19 10:30:00-05:00,2025-12-19 10:30:00-05:00,2025-12-19 10:30:00-05:00,0.003,1.5,12:00:00,6874.5,2025-12-19 10:29:00-05:00,6877.0,6874.0,2025-12-19 10:30:00-05:00,2025-12-19 10:30:00-05:00,6874.75,6847.25,6902.25,27.5,1,13.5,6.75,fixed_contracts,2025-12-19 12:00:00-05:00,6879.5,eod_flatten,237.5,232.5,0.17272727272727273,5.0,25.0,True,16:59:59,16:58:30,16:45:00,False,True,True,True,True,False
27,trend_filtered_mes_participation_crowding,2025-12-22,short,trend_filtered_mes_participation_morning_trade_trend_pullback_reversal_1030,morning_trade_trend_pullback_reversal_1030,completed_bar_mes_participation_crowding_with_prior_trend_filter,trade,15,30,252,both,0.6111111111111112,0.3800797890323889,33.0,-12.0,2025-12-22 09:45:00-05:00,2025-12-22 10:15:00-05:00,0.5,4.0,4.0,2025-12-22 10:30:00-05:00,2025-12-22 10:30:00-05:00,2025-12-22 10:30:00-05:00,2025-12-22 10:30:00-05:00,0.003,1.5,12:00:00,6920.0,2025-12-22 10:29:00-05:00,6921.0,6919.0,2025-12-22 10:30:00-05:00,2025-12-22 10:30:00-05:00,6919.75,6947.5,6892.0,27.75,1,11.25,12.5,fixed_contracts,2025-12-22 12:00:00-05:00,6932.5,eod_flatten,-637.5,-642.5,-0.4594594594594595,5.0,25.0,True,16:59:59,16:58:30,16:45:00,False,True,True,True,True,False
28,trend_filtered_mes_participation_crowding,2025-12-23,short,trend_filtered_mes_participation_morning_trade_trend_pullback_reversal_1030,morning_trade_trend_pullback_reversal_1030,completed_bar_mes_participation_crowding_with_prior_trend_filter,trade,15,30,252,both,0.7261904761904762,0.3989160961909777,21.0,-42.0,2025-12-23 09:45:00-05:00,2025-12-23 10:15:00-05:00,0.5,4.0,4.0,2025-12-23 10:30:00-05:00,2025-12-23 10:30:00-05:00,2025-12-23 10:30:00-05:00,2025-12-23 10:30:00-05:00,0.003,1.5,12:00:00,6933.25,2025-12-23 10:29:00-05:00,6933.75,6930.5,2025-12-23 10:30:00-05:00,2025-12-23 10:30:00-05:00,6932.75,6960.5,6905.0,27.75,1,0.0,19.0,fixed_contracts,2025-12-23 12:00:00-05:00,6951.0,eod_flatten,-912.5,-917.5,-0.6576576576576577,5.0,25.0,True,16:59:59,16:58:30,16:45:00,False,True,True,True,True,False
29,trend_filtered_mes_participation_crowding,2025-12-26,short,trend_filtered_mes_participation_morning_trade_trend_pullback_reversal_1030,morning_trade_trend_pullback_reversal_1030,completed_bar_mes_participation_crowding_with_prior_trend_filter,trade,15,30,252,both,0.8174603174603174,0.43546068182372,33.0,-68.0,2025-12-26 09:45:00-05:00,2025-12-26 10:15:00-05:00,0.5,4.0,4.0,2025-12-26 10:30:00-05:00,2025-12-26 10:30:00-05:00,2025-12-26 10:30:00-05:00,2025-12-26 10:30:00-05:00,0.003,1.5,12:00:00,6984.0,2025-12-26 10:29:00-05:00,6984.25,6982.0,2025-12-26 10:30:00-05:00,2025-12-26 10:30:00-05:00,6983.75,7011.75,6955.75,28.0,1,9.75,3.0,fixed_contracts,2025-12-26 12:00:00-05:00,6977.0,eod_flatten,337.5,332.5,0.24107142857142858,5.0,25.0,True,16:59:59,16:58:30,16:45:00,False,True,True,True,True,False
30,trend_filtered_mes_participation_crowding,2025-12-29,short,trend_filtered_mes_participation_morning_trade_trend_pullback_reversal_1030,morning_trade_trend_pullback_reversal_1030,completed_bar_mes_participation_crowding_with_prior_trend_filter,trade,15,30,252,both,0.7896825396825397,0.4258186627747879,35.0,-56.0,2025-12-29 09:45:00-05:00,2025-12-29 10:15:00-05:00,0.5,4.0,4.0,2025-12-29 10:30:00-05:00,2025-12-29 10:30:00-05:00,2025-12-29 10:30:00-05:00,2025-12-29 10:30:00-05:00,0.003,1.5,12:00:00,6955.0,2025-12-29 10:29:00-05:00,6955.75,6953.25,2025-12-29 10:30:00-05:00,2025-12-29 10:30:00-05:00,6954.75,6982.75,6926.75,28.0,1,12.5,5.0,fixed_contracts,2025-12-29 12:00:00-05:00,6946.75,eod_flatten,400.0,395.0,0.2857142857142857,5.0,25.0,True,16:59:59,16:58:30,16:45:00,False,True,True,True,True,False
31,trend_filtered_mes_participation_crowding,2025-12-31,short,trend_filtered_mes_participation_morning_trade_trend_pullback_reversal_1030,morning_trade_trend_pullback_reversal_1030,completed_bar_mes_participation_crowding_with_prior_trend_filter,trade,15,30,252,both,0.746031746031746,0.4076155462184874,4.0,-18.0,2025-12-31 09:45:00-05:00,2025-12-31 10:15:00-05:00,0.5,4.0,4.0,2025-12-31 10:30:00-05:00,2025-12-31 10:30:00-05:00,2025-12-31 10:30:00-05:00,2025-12-31 10:30:00-05:00,0.003,1.5,12:00:00,6927.75,2025-12-31 10:29:00-05:00,6928.0,6926.75,2025-12-31 10:30:00-05:00,2025-12-31 10:30:00-05:00,6927.5,6955.25,6899.75,27.75,1,13.75,1.5,fixed_contracts,2025-12-31 12:00:00-05:00,6926.25,eod_flatten,62.5,57.5,0.04504504504504504,5.0,25.0,True,16:59:59,16:58:30,16:45:00,False,True,True,True,True,False
32,trend_filtered_mes_participation_crowding,2026-01-09,short,trend_filtered_mes_participation_morning_trade_trend_pullback_reversal_1030,morning_trade_trend_pullback_reversal_1030,completed_bar_mes_participation_crowding_with_prior_trend_filter,trade,15,30,252,both,0.6865079365079365,0.3937191856630183,77.0,-4.0,2026-01-09 09:45:00-05:00,2026-01-09 10:15:00-05:00,0.5,4.0,4.0,2026-01-09 10:30:00-05:00,2026-01-09 10:30:00-05:00,2026-01-09 10:30:00-05:00,2026-01-09 10:30:00-05:00,0.003,1.5,12:00:00,6996.25,2026-01-09 10:29:00-05:00,6997.5,6995.75,2026-01-09 10:30:00-05:00,2026-01-09 10:30:00-05:00,6996.25,7024.25,6968.25,28.0,1,19.0,9.0,fixed_contracts,2026-01-09 12:00:00-05:00,7004.25,eod_flatten,-400.0,-405.0,-0.2857142857142857,5.0,25.0,True,16:59:59,16:58:30,16:45:00,False,True,True,True,True,False
33,trend_filtered_mes_participation_crowding,2026-01-14,long,trend_filtered_mes_participation_morning_trade_trend_pullback_reversal_1030,morning_trade_trend_pullback_reversal_1030,completed_bar_mes_participation_crowding_with_prior_trend_filter,trade,15,30,252,both,0.7182539682539683,0.4023260867315791,-73.0,42.0,2026-01-14 09:45:00-05:00,2026-01-14 10:15:00-05:00,0.5,4.0,4.0,2026-01-14 10:30:00-05:00,2026-01-14 10:30:00-05:00,2026-01-14 10:30:00-05:00,2026-01-14 10:30:00-05:00,0.003,1.5,12:00:00,6949.75,2026-01-14 10:29:00-05:00,6952.75,6949.25,2026-01-14 10:30:00-05:00,2026-01-14 10:30:00-05:00,6949.75,6921.75,6977.75,28.0,1,7.25,26.5,fixed_contracts,2026-01-14 12:00:00-05:00,6927.75,eod_flatten,-1100.0,-1105.0,-0.7857142857142857,5.0,25.0,True,16:59:59,16:58:30,16:45:00,False,True,True,True,True,False
34,trend_filtered_mes_participation_crowding,2026-01-22,short,trend_filtered_mes_participation_morning_trade_trend_pullback_reversal_1030,morning_trade_trend_pullback_reversal_1030,completed_bar_mes_participation_crowding_with_prior_trend_filter,trade,15,30,252,both,0.7261904761904762,0.4054932748925307,44.0,-85.0,2026-01-22 09:45:00-05:00,2026-01-22 10:15:00-05:00,0.5,4.0,4.0,2026-01-22 10:30:00-05:00,2026-01-22 10:30:00-05:00,2026-01-22 10:30:00-05:00,2026-01-22 10:30:00-05:00,0.003,1.5,12:00:00,6941.0,2026-01-22 10:29:00-05:00,6942.75,6940.75,2026-01-22 10:30:00-05:00,2026-01-22 10:30:00-05:00,6941.0,6969.0,6913.0,28.0,1,4.0,21.0,fixed_contracts,2026-01-22 12:00:00-05:00,6954.5,eod_flatten,-675.0,-680.0,-0.48214285714285715,5.0,25.0,True,16:59:59,16:58:30,16:45:00,False,True,True,True,True,False
35,trend_filtered_mes_participation_crowding,2026-01-28,short,trend_filtered_mes_participation_morning_trade_trend_pullback_reversal_1030,morning_trade_trend_pullback_reversal_1030,completed_bar_mes_participation_crowding_with_prior_trend_filter,trade,15,30,252,both,0.6984126984126984,0.4020552812346263,15.0,-62.0,2026-01-28 09:45:00-05:00,2026-01-28 10:15:00-05:00,0.5,4.0,4.0,2026-01-28 10:30:00-05:00,2026-01-28 10:30:00-05:00,2026-01-28 10:30:00-05:00,2026-01-28 10:30:00-05:00,0.003,1.5,12:00:00,7017.25,2026-01-28 10:29:00-05:00,7019.25,7017.0,2026-01-28 10:30:00-05:00,2026-01-28 10:30:00-05:00,7017.0,7045.25,6988.75,28.25,1,20.0,3.25,fixed_contracts,2026-01-28 12:00:00-05:00,6999.5,eod_flatten,875.0,870.0,0.6194690265486725,5.0,25.0,True,16:59:59,16:58:30,16:45:00,False,True,True,True,True,False
36,trend_filtered_mes_participation_crowding,2026-01-30,long,trend_filtered_mes_participation_morning_trade_trend_pullback_reversal_1030,morning_trade_trend_pullback_reversal_1030,completed_bar_mes_participation_crowding_with_prior_trend_filter,trade,15,30,252,both,0.6865079365079365,0.3996338021598675,-84.0,33.0,2026-01-30 09:45:00-05:00,2026-01-30 10:15:00-05:00,0.5,4.0,4.0,2026-01-30 10:30:00-05:00,2026-01-30 10:30:00-05:00,2026-01-30 10:30:00-05:00,2026-01-30 10:30:00-05:00,0.003,1.5,12:00:00,6962.0,2026-01-30 10:29:00-05:00,6967.75,6960.5,2026-01-30 10:30:00-05:00,2026-01-30 10:30:00-05:00,6962.25,6934.25,6990.25,28.0,1,29.0,5.25,fixed_contracts,2026-01-30 10:47:00-05:00,6990.0,target,1387.5,1382.5,0.9910714285714286,5.0,25.0,True,16:59:59,16:58:30,16:45:00,False,True,True,True,True,False
37,trend_filtered_mes_participation_crowding,2026-02-03,short,trend_filtered_mes_participation_morning_trade_trend_pullback_reversal_1030,morning_trade_trend_pullback_reversal_1030,completed_bar_mes_participation_crowding_with_prior_trend_filter,trade,15,30,252,both,0.5436507936507936,0.3787185161410206,9.0,-132.0,2026-02-03 09:45:00-05:00,2026-02-03 10:15:00-05:00,0.5,4.0,4.0,2026-02-03 10:30:00-05:00,2026-02-03 10:30:00-05:00,2026-02-03 10:30:00-05:00,2026-02-03 10:30:00-05:00,0.003,1.5,12:00:00,6968.25,2026-02-03 10:29:00-05:00,6971.5,6966.25,2026-02-03 10:30:00-05:00,2026-02-03 10:30:00-05:00,6968.0,6996.0,6940.0,28.0,1,19.0,13.0,fixed_contracts,2026-02-03 12:00:00-05:00,6953.0,eod_flatten,750.0,745.0,0.5357142857142857,5.0,25.0,True,16:59:59,16:58:30,16:45:00,False,True,True,True,True,False
38,trend_filtered_mes_participation_crowding,2026-02-06,short,trend_filtered_mes_participation_morning_trade_trend_pullback_reversal_1030,morning_trade_trend_pullback_reversal_1030,completed_bar_mes_participation_crowding_with_prior_trend_filter,trade,15,30,252,both,0.5912698412698413,0.3842042417694888,77.0,-72.0,2026-02-06 09:45:00-05:00,2026-02-06 10:15:00-05:00,0.5,4.0,4.0,2026-02-06 10:30:00-05:00,2026-02-06 10:30:00-05:00,2026-02-06 10:30:00-05:00,2026-02-06 10:30:00-05:00,0.003,1.5,12:00:00,6898.5,2026-02-06 10:29:00-05:00,6898.5,6893.75,2026-02-06 10:30:00-05:00,2026-02-06 10:30:00-05:00,6898.25,6926.0,6870.5,27.75,1,13.0,24.0,fixed_contracts,2026-02-06 12:00:00-05:00,6916.75,eod_flatten,-925.0,-930.0,-0.6666666666666666,5.0,25.0,True,16:59:59,16:58:30,16:45:00,False,True,True,True,True,False
39,trend_filtered_mes_participation_crowding,2026-02-17,short,trend_filtered_mes_participation_morning_trade_trend_pullback_reversal_1030,morning_trade_trend_pullback_reversal_1030,completed_bar_mes_participation_crowding_with_prior_trend_filter,trade,15,30,252,both,0.9166666666666666,0.4775670538542766,17.0,-155.0,2026-02-17 09:45:00-05:00,2026-02-17 10:15:00-05:00,0.5,4.0,4.0,2026-02-17 10:30:00-05:00,2026-02-17 10:30:00-05:00,2026-02-17 10:30:00-05:00,2026-02-17 10:30:00-05:00,0.003,1.5,12:00:00,6806.75,2026-02-17 10:29:00-05:00,6809.0,6801.5,2026-02-17 10:30:00-05:00,2026-02-17 10:30:00-05:00,6806.25,6833.5,6779.0,27.25,1,15.25,28.25,fixed_contracts,2026-02-17 11:03:00-05:00,6833.75,stop,-1375.0,-1380.0,-1.0091743119266054,5.0,25.0,True,16:59:59,16:58:30,16:45:00,False,True,True,True,True,False
40,trend_filtered_mes_participation_crowding,2026-02-24,short,trend_filtered_mes_participation_morning_trade_trend_pullback_reversal_1030,morning_trade_trend_pullback_reversal_1030,completed_bar_mes_participation_crowding_with_prior_trend_filter,trade,15,30,252,both,0.873015873015873,0.4625446015922396,126.0,-45.0,2026-02-24 09:45:00-05:00,2026-02-24 10:15:00-05:00,0.5,4.0,4.0,2026-02-24 10:30:00-05:00,2026-02-24 10:30:00-05:00,2026-02-24 10:30:00-05:00,2026-02-24 10:30:00-05:00,0.003,1.5,12:00:00,6892.5,2026-02-24 10:29:00-05:00,6893.25,6888.75,2026-02-24 10:30:00-05:00,2026-02-24 10:30:00-05:00,6892.0,6919.75,6864.25,27.75,1,11.25,6.25,fixed_contracts,2026-02-24 12:00:00-05:00,6894.25,eod_flatten,-112.5,-117.5,-0.08108108108108109,5.0,25.0,True,16:59:59,16:58:30,16:45:00,False,True,True,True,True,False
41,trend_filtered_mes_participation_crowding,2026-02-25,short,trend_filtered_mes_participation_morning_trade_trend_pullback_reversal_1030,morning_trade_trend_pullback_reversal_1030,completed_bar_mes_participation_crowding_with_prior_trend_filter,trade,15,30,252,both,0.9087301587301588,0.4741447368421053,26.0,-17.0,2026-02-25 09:45:00-05:00,2026-02-25 10:15:00-05:00,0.5,4.0,4.0,2026-02-25 10:30:00-05:00,2026-02-25 10:30:00-05:00,2026-02-25 10:30:00-05:00,2026-02-25 10:30:00-05:00,0.003,1.5,12:00:00,6940.25,2026-02-25 10:29:00-05:00,6941.0,6939.0,2026-02-25 10:30:00-05:00,2026-02-25 10:30:00-05:00,6939.75,6967.75,6911.75,28.0,1,9.5,13.25,fixed_contracts,2026-02-25 12:00:00-05:00,6949.5,eod_flatten,-487.5,-492.5,-0.3482142857142857,5.0,25.0,True,16:59:59,16:58:30,16:45:00,False,True,True,True,True,False
42,trend_filtered_mes_participation_crowding,2026-03-02,long,trend_filtered_mes_participation_morning_trade_trend_pullback_reversal_1030,morning_trade_trend_pullback_reversal_1030,completed_bar_mes_participation_crowding_with_prior_trend_filter,trade,15,30,252,both,0.7936507936507936,0.4389621271910594,-59.0,112.0,2026-03-02 09:45:00-05:00,2026-03-02 10:15:00-05:00,0.5,4.0,4.0,2026-03-02 10:30:00-05:00,2026-03-02 10:30:00-05:00,2026-03-02 10:30:00-05:00,2026-03-02 10:30:00-05:00,0.003,1.5,12:00:00,6858.5,2026-03-02 10:29:00-05:00,6860.0,6854.75,2026-03-02 10:30:00-05:00,2026-03-02 10:30:00-05:00,6858.75,6831.25,6886.25,27.5,1,27.5,10.5,fixed_contracts,2026-03-02 11:41:00-05:00,6886.0,target,1362.5,1357.5,0.990909090909091,5.0,25.0,True,16:59:59,16:58:30,16:45:00,False,True,True,True,True,False
43,trend_filtered_mes_participation_crowding,2026-03-05,long,trend_filtered_mes_participation_morning_trade_trend_pullback_reversal_1030,morning_trade_trend_pullback_reversal_1030,completed_bar_mes_participation_crowding_with_prior_trend_filter,trade,15,30,252,both,0.9563492063492064,0.5180152321040448,-140.0,63.0,2026-03-05 09:45:00-05:00,2026-03-05 10:15:00-05:00,0.5,4.0,4.0,2026-03-05 10:30:00-05:00,2026-03-05 10:30:00-05:00,2026-03-05 10:30:00-05:00,2026-03-05 10:30:00-05:00,0.003,1.5,12:00:00,6829.5,2026-03-05 10:29:00-05:00,6829.75,6824.5,2026-03-05 10:30:00-05:00,2026-03-05 10:30:00-05:00,6830.0,6802.5,6857.5,27.5,1,17.5,19.0,fixed_contracts,2026-03-05 12:00:00-05:00,6831.5,eod_flatten,75.0,70.0,0.05454545454545454,5.0,25.0,True,16:59:59,16:58:30,16:45:00,False,True,True,True,True,False
44,trend_filtered_mes_participation_crowding,2026-03-09,short,trend_filtered_mes_participation_morning_trade_trend_pullback_reversal_1030,morning_trade_trend_pullback_reversal_1030,completed_bar_mes_participation_crowding_with_prior_trend_filter,trade,15,30,252,both,0.9761904761904762,0.5442157652904372,37.0,-50.0,2026-03-09 09:45:00-04:00,2026-03-09 10:15:00-04:00,0.5,4.0,4.0,2026-03-09 10:30:00-04:00,2026-03-09 10:30:00-04:00,2026-03-09 10:30:00-04:00,2026-03-09 10:30:00-04:00,0.003,1.5,12:00:00,6658.0,2026-03-09 10:29:00-04:00,6659.0,6653.75,2026-03-09 10:30:00-04:00,2026-03-09 10:30:00-04:00,6657.5,6684.25,6630.75,26.75,1,0.0,29.5,fixed_contracts,2026-03-09 10:44:00-04:00,6684.5,stop,-1350.0,-1355.0,-1.0093457943925233,5.0,25.0,True,16:59:59,16:58:30,16:45:00,False,True,True,True,True,False
45,trend_filtered_mes_participation_crowding,2026-03-10,short,trend_filtered_mes_participation_morning_trade_trend_pullback_reversal_1030,morning_trade_trend_pullback_reversal_1030,completed_bar_mes_participation_crowding_with_prior_trend_filter,trade,15,30,252,both,0.9682539682539684,0.5391537650460909,85.0,-67.0,2026-03-10 09:45:00-04:00,2026-03-10 10:15:00-04:00,0.5,4.0,4.0,2026-03-10 10:30:00-04:00,2026-03-10 10:30:00-04:00,2026-03-10 10:30:00-04:00,2026-03-10 10:30:00-04:00,0.003,1.5,12:00:00,6794.0,2026-03-10 10:29:00-04:00,6795.0,6790.75,2026-03-10 10:30:00-04:00,2026-03-10 10:30:00-04:00,6793.75,6821.0,6766.5,27.25,1,0.0,27.75,fixed_contracts,2026-03-10 10:45:00-04:00,6821.25,stop,-1375.0,-1380.0,-1.0091743119266054,5.0,25.0,True,16:59:59,16:58:30,16:45:00,False,True,True,True,True,False
46,trend_filtered_mes_participation_crowding,2026-03-11,long,trend_filtered_mes_participation_morning_trade_trend_pullback_reversal_1030,morning_trade_trend_pullback_reversal_1030,completed_bar_mes_participation_crowding_with_prior_trend_filter,trade,15,30,252,both,0.9325396825396826,0.5034287570175846,-76.0,27.0,2026-03-11 09:45:00-04:00,2026-03-11 10:15:00-04:00,0.5,4.0,4.0,2026-03-11 10:30:00-04:00,2026-03-11 10:30:00-04:00,2026-03-11 10:30:00-04:00,2026-03-11 10:30:00-04:00,0.003,1.5,12:00:00,6778.25,2026-03-11 10:29:00-04:00,6779.5,6771.5,2026-03-11 10:30:00-04:00,2026-03-11 10:30:00-04:00,6778.5,6751.25,6805.75,27.25,1,25.0,25.5,fixed_contracts,2026-03-11 12:00:00-04:00,6758.5,eod_flatten,-1000.0,-1005.0,-0.7339449541284404,5.0,25.0,True,16:59:59,16:58:30,16:45:00,False,True,True,True,True,False
47,trend_filtered_mes_participation_crowding,2026-03-12,long,trend_filtered_mes_participation_morning_trade_trend_pullback_reversal_1030,morning_trade_trend_pullback_reversal_1030,completed_bar_mes_participation_crowding_with_prior_trend_filter,trade,15,30,252,both,0.9047619047619048,0.4889437924644843,-117.0,29.0,2026-03-12 09:45:00-04:00,2026-03-12 10:15:00-04:00,0.5,4.0,4.0,2026-03-12 10:30:00-04:00,2026-03-12 10:30:00-04:00,2026-03-12 10:30:00-04:00,2026-03-12 10:30:00-04:00,0.003,1.5,12:00:00,6696.25,2026-03-12 10:29:00-04:00,6705.0,6696.0,2026-03-12 10:30:00-04:00,2026-03-12 10:30:00-04:00,6696.25,6669.25,6723.25,27.0,1,25.0,11.75,fixed_contracts,2026-03-12 12:00:00-04:00,6708.5,eod_flatten,612.5,607.5,0.4537037037037037,5.0,25.0,True,16:59:59,16:58:30,16:45:00,False,True,True,True,True,False
48,trend_filtered_mes_participation_crowding,2026-03-16,long,trend_filtered_mes_participation_morning_trade_trend_pullback_reversal_1030,morning_trade_trend_pullback_reversal_1030,completed_bar_mes_participation_crowding_with_prior_trend_filter,trade,15,30,252,both,0.8214285714285714,0.4586858873916222,-15.0,40.0,2026-03-16 09:45:00-04:00,2026-03-16 10:15:00-04:00,0.5,4.0,4.0,2026-03-16 10:30:00-04:00,2026-03-16 10:30:00-04:00,2026-03-16 10:30:00-04:00,2026-03-16 10:30:00-04:00,0.003,1.5,12:00:00,6716.5,2026-03-16 10:29:00-04:00,6721.0,6716.25,2026-03-16 10:30:00-04:00,2026-03-16 10:30:00-04:00,6716.5,6689.5,6743.5,27.0,1,0.75,27.0,fixed_contracts,2026-03-16 10:50:00-04:00,6689.25,stop,-1362.5,-1367.5,-1.0092592592592593,5.0,25.0,True,16:59:59,16:58:30,16:45:00,False,True,True,True,True,False
49,trend_filtered_mes_participation_crowding,2026-03-17,short,trend_filtered_mes_participation_morning_trade_trend_pullback_reversal_1030,morning_trade_trend_pullback_reversal_1030,completed_bar_mes_participation_crowding_with_prior_trend_filter,trade,15,30,252,both,0.7817460317460317,0.4479518551111363,12.0,-50.0,2026-03-17 09:45:00-04:00,2026-03-17 10:15:00-04:00,0.5,4.0,4.0,2026-03-17 10:30:00-04:00,2026-03-17 10:30:00-04:00,2026-03-17 10:30:00-04:00,2026-03-17 10:30:00-04:00,0.003,1.5,12:00:00,6789.75,2026-03-17 10:29:00-04:00,6790.75,6787.0,2026-03-17 10:30:00-04:00,2026-03-17 10:30:00-04:00,6789.5,6816.75,6762.25,27.25,1,22.75,9.5,fixed_contracts,2026-03-17 12:00:00-04:00,6774.0,eod_flatten,775.0,770.0,0.5688073394495413,5.0,25.0,True,16:59:59,16:58:30,16:45:00,False,True,True,True,True,False
50,trend_filtered_mes_participation_crowding,2026-03-19,long,trend_filtered_mes_participation_morning_trade_trend_pullback_reversal_1030,morning_trade_trend_pullback_reversal_1030,completed_bar_mes_participation_crowding_with_prior_trend_filter,trade,15,30,252,both,0.9603174603174603,0.5292515168912454,-73.0,32.0,2026-03-19 09:45:00-04:00,2026-03-19 10:15:00-04:00,0.5,4.0,4.0,2026-03-19 10:30:00-04:00,2026-03-19 10:30:00-04:00,2026-03-19 10:30:00-04:00,2026-03-19 10:30:00-04:00,0.003,1.5,12:00:00,6623.5,2026-03-19 10:29:00-04:00,6625.75,6620.75,2026-03-19 10:30:00-04:00,2026-03-19 10:30:00-04:00,6623.75,6597.25,6650.25,26.5,1,27.75,1.0,fixed_contracts,2026-03-19 10:35:00-04:00,6650.0,target,1312.5,1307.5,0.9905660377358491,5.0,25.0,True,16:59:59,16:58:30,16:45:00,False,True,True,True,True,False
51,trend_filtered_mes_participation_crowding,2026-03-20,short,trend_filtered_mes_participation_morning_trade_trend_pullback_reversal_1030,morning_trade_trend_pullback_reversal_1030,completed_bar_mes_participation_crowding_with_prior_trend_filter,trade,15,30,252,both,0.8015873015873016,0.4558088235294117,5.0,-184.0,2026-03-20 09:45:00-04:00,2026-03-20 10:15:00-04:00,0.5,4.0,4.0,2026-03-20 10:30:00-04:00,2026-03-20 10:30:00-04:00,2026-03-20 10:30:00-04:00,2026-03-20 10:30:00-04:00,0.003,1.5,12:00:00,6594.0,2026-03-20 10:29:00-04:00,6596.25,6592.25,2026-03-20 10:30:00-04:00,2026-03-20 10:30:00-04:00,6593.75,6620.25,6567.25,26.5,1,6.25,24.0,fixed_contracts,2026-03-20 12:00:00-04:00,6606.0,eod_flatten,-612.5,-617.5,-0.46226415094339623,5.0,25.0,True,16:59:59,16:58:30,16:45:00,False,True,True,True,True,False
52,trend_filtered_mes_participation_crowding,2026-03-24,long,trend_filtered_mes_participation_morning_trade_trend_pullback_reversal_1030,morning_trade_trend_pullback_reversal_1030,completed_bar_mes_participation_crowding_with_prior_trend_filter,trade,15,30,252,both,0.9325396825396826,0.5035646543266401,-5.0,72.0,2026-03-24 09:45:00-04:00,2026-03-24 10:15:00-04:00,0.5,4.0,4.0,2026-03-24 10:30:00-04:00,2026-03-24 10:30:00-04:00,2026-03-24 10:30:00-04:00,2026-03-24 10:30:00-04:00,0.003,1.5,12:00:00,6600.0,2026-03-24 10:29:00-04:00,6607.5,6598.25,2026-03-24 10:30:00-04:00,2026-03-24 10:30:00-04:00,6600.5,6574.0,6627.0,26.5,1,34.75,3.5,fixed_contracts,2026-03-24 10:52:00-04:00,6626.75,target,1312.5,1307.5,0.9905660377358491,5.0,25.0,True,16:59:59,16:58:30,16:45:00,False,True,True,True,True,False
53,trend_filtered_mes_participation_crowding,2026-03-25,short,trend_filtered_mes_participation_morning_trade_trend_pullback_reversal_1030,morning_trade_trend_pullback_reversal_1030,completed_bar_mes_participation_crowding_with_prior_trend_filter,trade,15,30,252,both,0.8412698412698413,0.4691090192231508,5.0,-35.0,2026-03-25 09:45:00-04:00,2026-03-25 10:15:00-04:00,0.5,4.0,4.0,2026-03-25 10:30:00-04:00,2026-03-25 10:30:00-04:00,2026-03-25 10:30:00-04:00,2026-03-25 10:30:00-04:00,0.003,1.5,12:00:00,6657.0,2026-03-25 10:29:00-04:00,6657.0,6654.0,2026-03-25 10:30:00-04:00,2026-03-25 10:30:00-04:00,6656.5,6683.25,6629.75,26.75,1,33.25,11.0,fixed_contracts,2026-03-25 11:16:00-04:00,6630.0,target,1325.0,1320.0,0.9906542056074766,5.0,25.0,True,16:59:59,16:58:30,16:45:00,False,True,True,True,True,False
54,trend_filtered_mes_participation_crowding,2026-03-26,long,trend_filtered_mes_participation_morning_trade_trend_pullback_reversal_1030,morning_trade_trend_pullback_reversal_1030,completed_bar_mes_participation_crowding_with_prior_trend_filter,trade,15,30,252,both,0.7142857142857143,0.4262415182542867,-34.0,58.0,2026-03-26 09:45:00-04:00,2026-03-26 10:15:00-04:00,0.5,4.0,4.0,2026-03-26 10:30:00-04:00,2026-03-26 10:30:00-04:00,2026-03-26 10:30:00-04:00,2026-03-26 10:30:00-04:00,0.003,1.5,12:00:00,6609.25,2026-03-26 10:29:00-04:00,6614.0,6608.75,2026-03-26 10:30:00-04:00,2026-03-26 10:30:00-04:00,6609.5,6583.0,6636.0,26.5,1,12.5,28.75,fixed_contracts,2026-03-26 10:55:00-04:00,6582.75,stop,-1337.5,-1342.5,-1.009433962264151,5.0,25.0,True,16:59:59,16:58:30,16:45:00,False,True,True,True,True,False
55,trend_filtered_mes_participation_crowding,2026-04-07,short,trend_filtered_mes_participation_morning_trade_trend_pullback_reversal_1030,morning_trade_trend_pullback_reversal_1030,completed_bar_mes_participation_crowding_with_prior_trend_filter,trade,15,30,252,both,0.8055555555555556,0.4621777556072171,69.0,-92.0,2026-04-07 09:45:00-04:00,2026-04-07 10:15:00-04:00,0.5,4.0,4.0,2026-04-07 10:30:00-04:00,2026-04-07 10:30:00-04:00,2026-04-07 10:30:00-04:00,2026-04-07 10:30:00-04:00,0.003,1.5,12:00:00,6606.75,2026-04-07 10:29:00-04:00,6608.25,6600.5,2026-04-07 10:30:00-04:00,2026-04-07 10:30:00-04:00,6606.5,6633.0,6580.0,26.5,1,27.5,10.0,fixed_contracts,2026-04-07 11:02:00-04:00,6580.25,target,1312.5,1307.5,0.9905660377358491,5.0,25.0,True,16:59:59,16:58:30,16:45:00,False,True,True,True,True,False
56,trend_filtered_mes_participation_crowding,2026-04-20,long,trend_filtered_mes_participation_morning_trade_trend_pullback_reversal_1030,morning_trade_trend_pullback_reversal_1030,completed_bar_mes_participation_crowding_with_prior_trend_filter,trade,15,30,252,both,0.6111111111111112,0.397793628501737,-13.0,18.0,2026-04-20 09:45:00-04:00,2026-04-20 10:15:00-04:00,0.5,4.0,4.0,2026-04-20 10:30:00-04:00,2026-04-20 10:30:00-04:00,2026-04-20 10:30:00-04:00,2026-04-20 10:30:00-04:00,0.003,1.5,12:00:00,7149.75,2026-04-20 10:29:00-04:00,7150.75,7148.5,2026-04-20 10:30:00-04:00,2026-04-20 10:30:00-04:00,7150.0,7121.25,7178.75,28.75,1,0.5,28.5,fixed_contracts,2026-04-20 12:00:00-04:00,7135.75,eod_flatten,-712.5,-717.5,-0.4956521739130435,5.0,25.0,True,16:59:59,16:58:30,16:45:00,False,True,True,True,True,False
57,trend_filtered_mes_participation_crowding,2026-04-21,long,trend_filtered_mes_participation_morning_trade_trend_pullback_reversal_1030,morning_trade_trend_pullback_reversal_1030,completed_bar_mes_participation_crowding_with_prior_trend_filter,trade,15,30,252,both,0.6984126984126984,0.4162534050429559,-18.0,54.0,2026-04-21 09:45:00-04:00,2026-04-21 10:15:00-04:00,0.5,4.0,4.0,2026-04-21 10:30:00-04:00,2026-04-21 10:30:00-04:00,2026-04-21 10:30:00-04:00,2026-04-21 10:30:00-04:00,0.003,1.5,12:00:00,7165.5,2026-04-21 10:29:00-04:00,7165.75,7162.75,2026-04-21 10:30:00-04:00,2026-04-21 10:30:00-04:00,7165.75,7137.0,7194.5,28.75,1,1.75,31.75,fixed_contracts,2026-04-21 10:59:00-04:00,7136.75,stop,-1450.0,-1455.0,-1.008695652173913,5.0,25.0,True,16:59:59,16:58:30,16:45:00,False,True,True,True,True,False
58,trend_filtered_mes_participation_crowding,2026-04-23,short,trend_filtered_mes_participation_morning_trade_trend_pullback_reversal_1030,morning_trade_trend_pullback_reversal_1030,completed_bar_mes_participation_crowding_with_prior_trend_filter,trade,15,30,252,both,0.7341269841269841,0.4269411115708178,17.0,-20.0,2026-04-23 09:45:00-04:00,2026-04-23 10:15:00-04:00,0.5,4.0,4.0,2026-04-23 10:30:00-04:00,2026-04-23 10:30:00-04:00,2026-04-23 10:30:00-04:00,2026-04-23 10:30:00-04:00,0.003,1.5,12:00:00,7163.0,2026-04-23 10:29:00-04:00,7163.0,7161.0,2026-04-23 10:30:00-04:00,2026-04-23 10:30:00-04:00,7162.75,7191.5,7134.0,28.75,1,1.0,18.75,fixed_contracts,2026-04-23 12:00:00-04:00,7169.0,eod_flatten,-312.5,-317.5,-0.21739130434782608,5.0,25.0,True,16:59:59,16:58:30,16:45:00,False,True,True,True,True,False
59,trend_filtered_mes_participation_crowding,2026-04-24,long,trend_filtered_mes_participation_morning_trade_trend_pullback_reversal_1030,morning_trade_trend_pullback_reversal_1030,completed_bar_mes_participation_crowding_with_prior_trend_filter,trade,15,30,252,both,0.7142857142857143,0.4218138506040497,-7.0,4.0,2026-04-24 09:45:00-04:00,2026-04-24 10:15:00-04:00,0.5,4.0,4.0,2026-04-24 10:30:00-04:00,2026-04-24 10:30:00-04:00,2026-04-24 10:30:00-04:00,2026-04-24 10:30:00-04:00,0.003,1.5,12:00:00,7154.0,2026-04-24 10:29:00-04:00,7155.5,7152.0,2026-04-24 10:30:00-04:00,2026-04-24 10:30:00-04:00,7154.25,7125.5,7183.0,28.75,1,37.25,4.75,fixed_contracts,2026-04-24 11:44:00-04:00,7182.75,target,1425.0,1420.0,0.991304347826087,5.0,25.0,True,16:59:59,16:58:30,16:45:00,False,True,True,True,True,False
60,trend_filtered_mes_participation_crowding,2026-04-30,short,trend_filtered_mes_participation_morning_trade_trend_pullback_reversal_1030,morning_trade_trend_pullback_reversal_1030,completed_bar_mes_participation_crowding_with_prior_trend_filter,trade,15,30,252,both,0.7777777777777778,0.4318467375754183,16.0,-49.0,2026-04-30 09:45:00-04:00,2026-04-30 10:15:00-04:00,0.5,4.0,4.0,2026-04-30 10:30:00-04:00,2026-04-30 10:30:00-04:00,2026-04-30 10:30:00-04:00,2026-04-30 10:30:00-04:00,0.003,1.5,12:00:00,7173.25,2026-04-30 10:29:00-04:00,7174.0,7169.0,2026-04-30 10:30:00-04:00,2026-04-30 10:30:00-04:00,7173.0,7201.75,7144.25,28.75,1,8.25,29.75,fixed_contracts,2026-04-30 11:31:00-04:00,7202.0,stop,-1450.0,-1455.0,-1.008695652173913,5.0,25.0,True,16:59:59,16:58:30,16:45:00,False,True,True,True,True,False
61,trend_filtered_mes_participation_crowding,2026-05-11,long,trend_filtered_mes_participation_morning_trade_trend_pullback_reversal_1030,morning_trade_trend_pullback_reversal_1030,completed_bar_mes_participation_crowding_with_prior_trend_filter,trade,15,30,252,both,0.5992063492063492,0.3917161436245405,-25.0,28.0,2026-05-11 09:45:00-04:00,2026-05-11 10:15:00-04:00,0.5,4.0,4.0,2026-05-11 10:30:00-04:00,2026-05-11 10:30:00-04:00,2026-05-11 10:30:00-04:00,2026-05-11 10:30:00-04:00,0.003,1.5,12:00:00,7430.25,2026-05-11 10:29:00-04:00,7433.75,7430.25,2026-05-11 10:30:00-04:00,2026-05-11 10:30:00-04:00,7430.5,7400.75,7460.25,29.75,1,19.25,9.0,fixed_contracts,2026-05-11 12:00:00-04:00,7448.25,eod_flatten,887.5,882.5,0.5966386554621849,5.0,25.0,True,16:59:59,16:58:30,16:45:00,False,True,True,True,True,False
62,trend_filtered_mes_participation_crowding,2026-05-18,long,trend_filtered_mes_participation_morning_trade_trend_pullback_reversal_1030,morning_trade_trend_pullback_reversal_1030,completed_bar_mes_participation_crowding_with_prior_trend_filter,trade,15,30,252,both,0.5873015873015873,0.3901793411610428,-16.0,77.0,2026-05-18 09:45:00-04:00,2026-05-18 10:15:00-04:00,0.5,4.0,4.0,2026-05-18 10:30:00-04:00,2026-05-18 10:30:00-04:00,2026-05-18 10:30:00-04:00,2026-05-18 10:30:00-04:00,0.003,1.5,12:00:00,7435.25,2026-05-18 10:29:00-04:00,7439.25,7432.25,2026-05-18 10:30:00-04:00,2026-05-18 10:30:00-04:00,7435.25,7405.5,7465.0,29.75,1,3.25,31.0,fixed_contracts,2026-05-18 10:36:00-04:00,7405.25,stop,-1500.0,-1505.0,-1.0084033613445378,5.0,25.0,True,16:59:59,16:58:30,16:45:00,False,True,True,True,True,False
63,trend_filtered_mes_participation_crowding,2026-05-20,short,trend_filtered_mes_participation_morning_trade_trend_pullback_reversal_1030,morning_trade_trend_pullback_reversal_1030,completed_bar_mes_participation_crowding_with_prior_trend_filter,trade,15,30,252,both,0.8928571428571429,0.4589675163338548,106.0,-28.0,2026-05-20 09:45:00-04:00,2026-05-20 10:15:00-04:00,0.5,4.0,4.0,2026-05-20 10:30:00-04:00,2026-05-20 10:30:00-04:00,2026-05-20 10:30:00-04:00,2026-05-20 10:30:00-04:00,0.003,1.5,12:00:00,7417.75,2026-05-20 10:29:00-04:00,7417.75,7413.5,2026-05-20 10:30:00-04:00,2026-05-20 10:30:00-04:00,7417.25,7447.0,7387.5,29.75,1,4.5,35.25,fixed_contracts,2026-05-20 11:15:00-04:00,7447.25,stop,-1500.0,-1505.0,-1.0084033613445378,5.0,25.0,True,16:59:59,16:58:30,16:45:00,False,True,True,True,True,False
64,trend_filtered_mes_participation_crowding,2026-05-21,long,trend_filtered_mes_participation_morning_trade_trend_pullback_reversal_1030,morning_trade_trend_pullback_reversal_1030,completed_bar_mes_participation_crowding_with_prior_trend_filter,trade,15,30,252,both,0.8214285714285714,0.4328634040064089,-37.0,73.0,2026-05-21 09:45:00-04:00,2026-05-21 10:15:00-04:00,0.5,4.0,4.0,2026-05-21 10:30:00-04:00,2026-05-21 10:30:00-04:00,2026-05-21 10:30:00-04:00,2026-05-21 10:30:00-04:00,0.003,1.5,12:00:00,7422.25,2026-05-21 10:29:00-04:00,7423.75,7419.5,2026-05-21 10:30:00-04:00,2026-05-21 10:30:00-04:00,7422.5,7392.75,7452.25,29.75,1,13.25,14.0,fixed_contracts,2026-05-21 12:00:00-04:00,7429.75,eod_flatten,362.5,357.5,0.24369747899159663,5.0,25.0,True,16:59:59,16:58:30,16:45:00,False,True,True,True,True,False
65,trend_filtered_mes_participation_crowding,2026-05-22,short,trend_filtered_mes_participation_morning_trade_trend_pullback_reversal_1030,morning_trade_trend_pullback_reversal_1030,completed_bar_mes_participation_crowding_with_prior_trend_filter,trade,15,30,252,both,0.8412698412698413,0.4384881667255387,6.0,-75.0,2026-05-22 09:45:00-04:00,2026-05-22 10:15:00-04:00,0.5,4.0,4.0,2026-05-22 10:30:00-04:00,2026-05-22 10:30:00-04:00,2026-05-22 10:30:00-04:00,2026-05-22 10:30:00-04:00,0.003,1.5,12:00:00,7491.25,2026-05-22 10:29:00-04:00,7491.5,7488.25,2026-05-22 10:30:00-04:00,2026-05-22 10:30:00-04:00,7491.0,7521.0,7461.0,30.0,1,2.5,24.25,fixed_contracts,2026-05-22 12:00:00-04:00,7511.0,eod_flatten,-1000.0,-1005.0,-0.6666666666666666,5.0,25.0,True,16:59:59,16:58:30,16:45:00,False,True,True,True,True,False
66,trend_filtered_mes_participation_crowding,2026-05-27,long,trend_filtered_mes_participation_morning_trade_trend_pullback_reversal_1030,morning_trade_trend_pullback_reversal_1030,completed_bar_mes_participation_crowding_with_prior_trend_filter,trade,15,30,252,both,0.7579365079365079,0.4189721881936274,-31.0,53.0,2026-05-27 09:45:00-04:00,2026-05-27 10:15:00-04:00,0.5,4.0,4.0,2026-05-27 10:30:00-04:00,2026-05-27 10:30:00-04:00,2026-05-27 10:30:00-04:00,2026-05-27 10:30:00-04:00,0.003,1.5,12:00:00,7533.75,2026-05-27 10:29:00-04:00,7534.5,7531.0,2026-05-27 10:30:00-04:00,2026-05-27 10:30:00-04:00,7534.0,7503.75,7564.25,30.25,1,9.5,17.5,fixed_contracts,2026-05-27 12:00:00-04:00,7524.0,eod_flatten,-500.0,-505.0,-0.3305785123966942,5.0,25.0,True,16:59:59,16:58:30,16:45:00,False,True,True,True,True,False
67,trend_filtered_mes_participation_crowding,2026-05-28,long,trend_filtered_mes_participation_morning_trade_trend_pullback_reversal_1030,morning_trade_trend_pullback_reversal_1030,completed_bar_mes_participation_crowding_with_prior_trend_filter,trade,15,30,252,both,0.753968253968254,0.4166946493289951,-12.0,144.0,2026-05-28 09:45:00-04:00,2026-05-28 10:15:00-04:00,0.5,4.0,4.0,2026-05-28 10:30:00-04:00,2026-05-28 10:30:00-04:00,2026-05-28 10:30:00-04:00,2026-05-28 10:30:00-04:00,0.003,1.5,12:00:00,7561.5,2026-05-28 10:29:00-04:00,7562.0,7559.75,2026-05-28 10:30:00-04:00,2026-05-28 10:30:00-04:00,7561.75,7531.5,7592.0,30.25,1,15.25,10.5,fixed_contracts,2026-05-28 12:00:00-04:00,7574.5,eod_flatten,637.5,632.5,0.4214876033057851,5.0,25.0,True,16:59:59,16:58:30,16:45:00,False,True,True,True,True,False
68,trend_filtered_mes_participation_crowding,2026-06-02,long,trend_filtered_mes_participation_morning_trade_trend_pullback_reversal_1030,morning_trade_trend_pullback_reversal_1030,completed_bar_mes_participation_crowding_with_prior_trend_filter,trade,15,30,252,both,0.6071428571428571,0.390381872406639,-20.0,35.0,2026-06-02 09:45:00-04:00,2026-06-02 10:15:00-04:00,0.5,4.0,4.0,2026-06-02 10:30:00-04:00,2026-06-02 10:30:00-04:00,2026-06-02 10:30:00-04:00,2026-06-02 10:30:00-04:00,0.003,1.5,12:00:00,7604.75,2026-06-02 10:29:00-04:00,7606.5,7603.75,2026-06-02 10:30:00-04:00,2026-06-02 10:30:00-04:00,7605.25,7574.75,7635.75,30.5,1,26.75,0.5,fixed_contracts,2026-06-02 12:00:00-04:00,7624.5,eod_flatten,962.5,957.5,0.6311475409836066,5.0,25.0,True,16:59:59,16:58:30,16:45:00,False,True,True,True,True,False
69,trend_filtered_mes_participation_crowding,2026-06-03,long,trend_filtered_mes_participation_morning_trade_trend_pullback_reversal_1030,morning_trade_trend_pullback_reversal_1030,completed_bar_mes_participation_crowding_with_prior_trend_filter,trade,15,30,252,both,0.7261904761904762,0.4068400310011048,-5.0,15.0,2026-06-03 09:45:00-04:00,2026-06-03 10:15:00-04:00,0.5,4.0,4.0,2026-06-03 10:30:00-04:00,2026-06-03 10:30:00-04:00,2026-06-03 10:30:00-04:00,2026-06-03 10:30:00-04:00,0.003,1.5,12:00:00,7595.0,2026-06-03 10:29:00-04:00,7595.25,7591.0,2026-06-03 10:30:00-04:00,2026-06-03 10:30:00-04:00,7595.0,7564.5,7625.5,30.5,1,2.25,20.25,fixed_contracts,2026-06-03 12:00:00-04:00,7579.0,eod_flatten,-800.0,-805.0,-0.5245901639344263,5.0,25.0,True,16:59:59,16:58:30,16:45:00,False,True,True,True,True,False
70,trend_filtered_mes_participation_crowding,2026-06-08,short,trend_filtered_mes_participation_morning_trade_trend_pullback_reversal_1030,morning_trade_trend_pullback_reversal_1030,completed_bar_mes_participation_crowding_with_prior_trend_filter,trade,15,30,252,both,0.7936507936507936,0.4251284909282308,35.0,-45.0,2026-06-08 09:45:00-04:00,2026-06-08 10:15:00-04:00,0.5,4.0,4.0,2026-06-08 10:30:00-04:00,2026-06-08 10:30:00-04:00,2026-06-08 10:30:00-04:00,2026-06-08 10:30:00-04:00,0.003,1.5,12:00:00,7448.0,2026-06-08 10:29:00-04:00,7450.5,7446.25,2026-06-08 10:30:00-04:00,2026-06-08 10:30:00-04:00,7447.5,7477.5,7417.5,30.0,1,6.75,29.25,fixed_contracts,2026-06-08 12:00:00-04:00,7450.25,eod_flatten,-137.5,-142.5,-0.09166666666666666,5.0,25.0,True,16:59:59,16:58:30,16:45:00,False,True,True,True,True,False
