campaign_id,variant_id,symbol,timeframe,test_run_id,decision,passed,terminal_stage,terminal_status,failure_reason,source_config_path,effective_config_path,output_dir,dataset_id,core_status,core_expected_combinations,core_total_combinations,core_number_passing_benchmark,core_percentage_passing_benchmark,core_profitable_iterations,core_percentage_profitable_iterations,core_apex_rule_violating_iterations,core_top_net_profit,core_top_profit_factor,core_top_mar,core_top_trades_per_year,core_top_total_trades,core_top_failure_reason,limited_monkey_status,wfa_status,wfa_oos_net_profit,wfa_oos_profit_factor,wfa_oos_mar,wfa_oos_trades_per_year,wfa_oos_monte_carlo_status,mc_probability_profit_before_drawdown,mc_probability_account_breach,mc_probability_payout_eligible,fixed_config_core_trade_log
es_bls_macro_release_day_drift,combined_bls_release_momentum_long_1130,ES,1m,tp_min_rr_rescue1,FAIL,False,limited_core_grid_test,failed,limited_core_grid_test failed: summary.percentage_profitable_iterations=0.0 expected {'min': 0.7},campaigns/es_bls_macro_release_day_drift/rescue_attempts/tp_min_rr_floor_rescue_1/combined_bls_release_momentum_long_1130/config.yaml,backtest-campaigns/es_bls_macro_release_day_drift/combined_bls_release_momentum_long_1130/ES/tp_min_rr_rescue1/effective_config.yaml,backtest-campaigns/es_bls_macro_release_day_drift/combined_bls_release_momentum_long_1130/ES/tp_min_rr_rescue1,es_sierra_trade_orderflow_1m_20101214_20260610_full_rth_ny,failed,18,18,0,0.0,0,0.0,0,-187.5,0.4863013698630137,-0.5328373688297238,4.013546367616916,5,min_total_net_profit;min_trades_per_year;preferred_min_total_trades,skipped,skipped,,,,,skipped,,,,backtest-campaigns/es_bls_macro_release_day_drift/combined_bls_release_momentum_long_1130/ES/tp_min_rr_rescue1/limited_core_grid_test/fixed_config_core_trade_log.csv
es_cboe_implied_correlation_intraday,rising_cor3m_short_1130,ES,1m,tp_min_rr_rescue1,FAIL,False,limited_core_grid_test,failed,limited_core_grid_test failed: summary.percentage_profitable_iterations=0.0 expected {'min': 0.7},campaigns/es_cboe_implied_correlation_intraday/rescue_attempts/tp_min_rr_floor_rescue_1/rising_cor3m_short_1130/config.yaml,backtest-campaigns/es_cboe_implied_correlation_intraday/rising_cor3m_short_1130/ES/tp_min_rr_rescue1/effective_config.yaml,backtest-campaigns/es_cboe_implied_correlation_intraday/rising_cor3m_short_1130/ES/tp_min_rr_rescue1,es_sierra_trade_orderflow_1m_20101214_20260610_full_rth_ny,failed,9,9,0,0.0,0,0.0,0,-4590.0,0.6371541501976284,-0.6826660975927207,109.5389046637682,153,min_total_net_profit,skipped,skipped,,,,,skipped,,,,backtest-campaigns/es_cboe_implied_correlation_intraday/rising_cor3m_short_1130/ES/tp_min_rr_rescue1/limited_core_grid_test/fixed_config_core_trade_log.csv
es_cboe_skew_tail_risk_intraday,high_skew_short_1000,ES,1m,tp_min_rr_rescue1,FAIL,False,limited_core_grid_test,failed,limited_core_grid_test failed: summary.percentage_profitable_iterations=0.1111111111111111 expected {'min': 0.7},campaigns/es_cboe_skew_tail_risk_intraday/rescue_attempts/tp_min_rr_floor_rescue_1/high_skew_short_1000/config.yaml,backtest-campaigns/es_cboe_skew_tail_risk_intraday/high_skew_short_1000/ES/tp_min_rr_rescue1/effective_config.yaml,backtest-campaigns/es_cboe_skew_tail_risk_intraday/high_skew_short_1000/ES/tp_min_rr_rescue1,es_sierra_trade_orderflow_1m_20101214_20260610_full_rth_ny,failed,9,9,0,0.0,1,0.1111111111111111,0,385.0,1.0416553962672437,0.18356646177296249,69.10042497285268,98,max_best_day_concentration,skipped,skipped,,,,,skipped,,,,backtest-campaigns/es_cboe_skew_tail_risk_intraday/high_skew_short_1000/ES/tp_min_rr_rescue1/limited_core_grid_test/fixed_config_core_trade_log.csv
es_cboe_vix_level_state_intraday,low_vix_complacency_short_1030,ES,1m,tp_min_rr_rescue1,FAIL,False,limited_core_grid_test,failed,limited_core_grid_test failed: summary.percentage_profitable_iterations=0.0 expected {'min': 0.7},campaigns/es_cboe_vix_level_state_intraday/rescue_attempts/tp_min_rr_floor_rescue_1/low_vix_complacency_short_1030/config.yaml,backtest-campaigns/es_cboe_vix_level_state_intraday/low_vix_complacency_short_1030/ES/tp_min_rr_rescue1/effective_config.yaml,backtest-campaigns/es_cboe_vix_level_state_intraday/low_vix_complacency_short_1030/ES/tp_min_rr_rescue1,es_sierra_trade_orderflow_1m_20101214_20260610_full_rth_ny,failed,18,18,0,0.0,0,0.0,0,-2885.0,0.7578682333193454,-0.4468067554855888,80.26779649567871,122,min_total_net_profit,skipped,skipped,,,,,skipped,,,,backtest-campaigns/es_cboe_vix_level_state_intraday/low_vix_complacency_short_1030/ES/tp_min_rr_rescue1/limited_core_grid_test/fixed_config_core_trade_log.csv
es_cboe_vxn_vix_dispersion_intraday,low_vxn_vix_ratio_long_1130,ES,1m,tp_min_rr_rescue1,FAIL,False,limited_core_grid_test,failed,limited_core_grid_test failed: summary.percentage_profitable_iterations=0.0 expected {'min': 0.7},campaigns/es_cboe_vxn_vix_dispersion_intraday/rescue_attempts/tp_min_rr_floor_rescue_1/low_vxn_vix_ratio_long_1130/config.yaml,backtest-campaigns/es_cboe_vxn_vix_dispersion_intraday/low_vxn_vix_ratio_long_1130/ES/tp_min_rr_rescue1/effective_config.yaml,backtest-campaigns/es_cboe_vxn_vix_dispersion_intraday/low_vxn_vix_ratio_long_1130/ES/tp_min_rr_rescue1,es_sierra_trade_orderflow_1m_20101214_20260610_full_rth_ny,failed,18,18,0,0.0,0,0.0,0,-1250.0,0.9056781739294473,-0.6698201287054897,145.1770885087657,105,min_total_net_profit,skipped,skipped,,,,,skipped,,,,backtest-campaigns/es_cboe_vxn_vix_dispersion_intraday/low_vxn_vix_ratio_long_1130/ES/tp_min_rr_rescue1/limited_core_grid_test/fixed_config_core_trade_log.csv
es_cftc_tff_hedging_pressure,broad_negative_pressure_short_1100,ES,5m,tp_min_rr_rescue1,FAIL,False,limited_core_grid_test,failed,limited_core_grid_test failed: summary.percentage_profitable_iterations=0.0 expected {'min': 0.7},campaigns/es_cftc_tff_hedging_pressure/rescue_attempts/tp_min_rr_floor_rescue_1/broad_negative_pressure_short_1100/config.yaml,backtest-campaigns/es_cftc_tff_hedging_pressure/broad_negative_pressure_short_1100/ES/tp_min_rr_rescue1/effective_config.yaml,backtest-campaigns/es_cftc_tff_hedging_pressure/broad_negative_pressure_short_1100/ES/tp_min_rr_rescue1,es_sierra_trade_orderflow_1m_20101214_20260610_full_rth_ny,failed,27,27,0,0.0,0,0.0,0,-2055.625,0.8517132551848512,-0.35867829808917917,90.53254240738856,93,min_total_net_profit;max_consecutive_losses,skipped,skipped,,,,,skipped,,,,backtest-campaigns/es_cftc_tff_hedging_pressure/broad_negative_pressure_short_1100/ES/tp_min_rr_rescue1/limited_core_grid_test/fixed_config_core_trade_log.csv
es_chicagofed_cfnai_activity_pullback,diffusion_weak_pullback_long_1200,ES,1m,tp_min_rr_rescue1,FAIL,False,limited_core_grid_test,failed,limited_core_grid_test failed: summary.percentage_profitable_iterations=0.0 expected {'min': 0.7},campaigns/es_chicagofed_cfnai_activity_pullback/rescue_attempts/tp_min_rr_floor_rescue_1/diffusion_weak_pullback_long_1200/config.yaml,backtest-campaigns/es_chicagofed_cfnai_activity_pullback/diffusion_weak_pullback_long_1200/ES/tp_min_rr_rescue1/effective_config.yaml,backtest-campaigns/es_chicagofed_cfnai_activity_pullback/diffusion_weak_pullback_long_1200/ES/tp_min_rr_rescue1,es_sierra_trade_orderflow_1m_20101214_20260610_full_rth_ny,failed,54,54,0,0.0,0,0.0,0,-727.5,0.9652868901347966,-0.10412215933054911,96.50941325977125,148,min_total_net_profit,skipped,skipped,,,,,skipped,,,,backtest-campaigns/es_chicagofed_cfnai_activity_pullback/diffusion_weak_pullback_long_1200/ES/tp_min_rr_rescue1/limited_core_grid_test/fixed_config_core_trade_log.csv
es_consumer_sentiment_state_intraday,rising_sentiment_long_1130,ES,1m,tp_min_rr_rescue1,FAIL,False,limited_core_grid_test,failed,limited_core_grid_test failed: summary.percentage_profitable_iterations=0.0 expected {'min': 0.7},campaigns/es_consumer_sentiment_state_intraday/rescue_attempts/tp_min_rr_floor_rescue_1/rising_sentiment_long_1130/config.yaml,backtest-campaigns/es_consumer_sentiment_state_intraday/rising_sentiment_long_1130/ES/tp_min_rr_rescue1/effective_config.yaml,backtest-campaigns/es_consumer_sentiment_state_intraday/rising_sentiment_long_1130/ES/tp_min_rr_rescue1,es_sierra_trade_orderflow_1m_20101214_20260610_full_rth_ny,failed,18,18,0,0.0,0,0.0,0,-4156.25,0.8317648249342239,-0.4269399252668456,136.84027468727962,190,min_total_net_profit;max_consecutive_losses,skipped,skipped,,,,,skipped,,,,backtest-campaigns/es_consumer_sentiment_state_intraday/rising_sentiment_long_1130/ES/tp_min_rr_rescue1/limited_core_grid_test/fixed_config_core_trade_log.csv
es_daily_reversal_orderflow_confirmation,first120_3d_flow_confirm_1130,ES,5m,tp_min_rr_rescue1,FAIL,False,limited_core_grid_test,failed,limited_core_grid_test failed: summary.percentage_profitable_iterations=0.0 expected {'min': 0.7},campaigns/es_daily_reversal_orderflow_confirmation/rescue_attempts/tp_min_rr_floor_rescue_1/first120_3d_flow_confirm_1130/config.yaml,backtest-campaigns/es_daily_reversal_orderflow_confirmation/first120_3d_flow_confirm_1130/ES/tp_min_rr_rescue1/effective_config.yaml,backtest-campaigns/es_daily_reversal_orderflow_confirmation/first120_3d_flow_confirm_1130/ES/tp_min_rr_rescue1,es_sierra_trade_orderflow_1m_20101214_20260610_full_rth_ny,failed,54,54,0,0.0,0,0.0,0,-1840.0,0.8951566951566952,-0.37917063388773853,92.97281233788276,138,min_total_net_profit,skipped,skipped,,,,,skipped,,,,backtest-campaigns/es_daily_reversal_orderflow_confirmation/first120_3d_flow_confirm_1130/ES/tp_min_rr_rescue1/limited_core_grid_test/fixed_config_core_trade_log.csv
es_daily_short_term_reversal,prior_3d_two_sided_reversal_1130,ES,5m,tp_min_rr_rescue1,FAIL,False,limited_core_grid_test,failed,limited_core_grid_test failed: summary.percentage_profitable_iterations=0.0 expected {'min': 0.7},campaigns/es_daily_short_term_reversal/rescue_attempts/tp_min_rr_floor_rescue_1/prior_3d_two_sided_reversal_1130/config.yaml,backtest-campaigns/es_daily_short_term_reversal/prior_3d_two_sided_reversal_1130/ES/tp_min_rr_rescue1/effective_config.yaml,backtest-campaigns/es_daily_short_term_reversal/prior_3d_two_sided_reversal_1130/ES/tp_min_rr_rescue1,es_sierra_trade_orderflow_1m_20101214_20260610_full_rth_ny,failed,9,9,0,0.0,0,0.0,0,-2977.5,0.9289294665234515,-0.39153277599373326,242.12167799801102,368,min_total_net_profit;max_consecutive_losses,skipped,skipped,,,,,skipped,,,,backtest-campaigns/es_daily_short_term_reversal/prior_3d_two_sided_reversal_1130/ES/tp_min_rr_rescue1/limited_core_grid_test/fixed_config_core_trade_log.csv
es_daily_time_series_momentum,twenty_day_trend_1000_two_sided,ES,5m,tp_min_rr_rescue1,FAIL,False,limited_core_grid_test,failed,limited_core_grid_test failed: summary.percentage_profitable_iterations=0.0 expected {'min': 0.7},campaigns/es_daily_time_series_momentum/rescue_attempts/tp_min_rr_floor_rescue_1/twenty_day_trend_1000_two_sided/config.yaml,backtest-campaigns/es_daily_time_series_momentum/twenty_day_trend_1000_two_sided/ES/tp_min_rr_rescue1/effective_config.yaml,backtest-campaigns/es_daily_time_series_momentum/twenty_day_trend_1000_two_sided/ES/tp_min_rr_rescue1,es_sierra_trade_orderflow_1m_20101214_20260610_full_rth_ny,failed,54,54,0,0.0,0,0.0,0,-9008.75,0.6506882512601784,-0.660617883245389,230.35653409090907,333,min_total_net_profit;max_consecutive_losses,skipped,skipped,,,,,skipped,,,,backtest-campaigns/es_daily_time_series_momentum/twenty_day_trend_1000_two_sided/ES/tp_min_rr_rescue1/limited_core_grid_test/fixed_config_core_trade_log.csv
es_day_of_week_seasonality,monday_open_weekend_short_0935,ES,5m,tp_min_rr_rescue1,FAIL,False,limited_core_grid_test,failed,limited_core_grid_test failed: summary.percentage_profitable_iterations=0.1111111111111111 expected {'min': 0.7},campaigns/es_day_of_week_seasonality/rescue_attempts/tp_min_rr_floor_rescue_1/monday_open_weekend_short_0935/config.yaml,backtest-campaigns/es_day_of_week_seasonality/monday_open_weekend_short_0935/ES/tp_min_rr_rescue1/effective_config.yaml,backtest-campaigns/es_day_of_week_seasonality/monday_open_weekend_short_0935/ES/tp_min_rr_rescue1,es_sierra_trade_orderflow_1m_20101214_20260610_full_rth_ny,failed,9,9,0,0.0,1,0.1111111111111111,0,349.375,1.0350338430684383,0.08506038917571514,44.80182058584216,67,max_best_day_concentration,skipped,skipped,,,,,skipped,,,,backtest-campaigns/es_day_of_week_seasonality/monday_open_weekend_short_0935/ES/tp_min_rr_rescue1/limited_core_grid_test/fixed_config_core_trade_log.csv
es_dollar_risk_appetite_intraday,dollar_up_risk_off_short_1000,ES,1m,tp_min_rr_rescue1,FAIL,False,limited_core_grid_test,failed,limited_core_grid_test failed: summary.percentage_profitable_iterations=0.0 expected {'min': 0.7},campaigns/es_dollar_risk_appetite_intraday/rescue_attempts/tp_min_rr_floor_rescue_1/dollar_up_risk_off_short_1000/config.yaml,backtest-campaigns/es_dollar_risk_appetite_intraday/dollar_up_risk_off_short_1000/ES/tp_min_rr_rescue1/effective_config.yaml,backtest-campaigns/es_dollar_risk_appetite_intraday/dollar_up_risk_off_short_1000/ES/tp_min_rr_rescue1,es_sierra_trade_orderflow_1m_20101214_20260610_full_rth_ny,failed,9,9,0,0.0,0,0.0,0,-3722.5,0.7463373083475298,-0.5916810899143116,108.01167315175098,152,min_total_net_profit,skipped,skipped,,,,,skipped,,,,backtest-campaigns/es_dollar_risk_appetite_intraday/dollar_up_risk_off_short_1000/ES/tp_min_rr_rescue1/limited_core_grid_test/fixed_config_core_trade_log.csv
es_ema_pullback_orderflow_continuation,lunch_signed_two_sided_ema_pullback_1300,ES,5m,tp_min_rr_rescue1,FAIL,False,limited_core_grid_test,failed,limited_core_grid_test failed: summary.percentage_profitable_iterations=0.0 expected {'min': 0.7},campaigns/es_ema_pullback_orderflow_continuation/rescue_attempts/tp_min_rr_floor_rescue_1/lunch_signed_two_sided_ema_pullback_1300/config.yaml,backtest-campaigns/es_ema_pullback_orderflow_continuation/lunch_signed_two_sided_ema_pullback_1300/ES/tp_min_rr_rescue1/effective_config.yaml,backtest-campaigns/es_ema_pullback_orderflow_continuation/lunch_signed_two_sided_ema_pullback_1300/ES/tp_min_rr_rescue1,es_sierra_trade_orderflow_1m_20101214_20260610_full_rth_ny,failed,54,54,0,0.0,0,0.0,0,-1498.75,0.891962515768607,-0.23515178764775058,89.33056922346829,136,min_total_net_profit,skipped,skipped,,,,,skipped,,,,backtest-campaigns/es_ema_pullback_orderflow_continuation/lunch_signed_two_sided_ema_pullback_1300/ES/tp_min_rr_rescue1/limited_core_grid_test/fixed_config_core_trade_log.csv
es_epu_policy_uncertainty_intraday,low_epu_long_1030,ES,1m,tp_min_rr_rescue1,FAIL,False,limited_core_grid_test,failed,limited_core_grid_test failed: summary.percentage_profitable_iterations=0.5555555555555556 expected {'min': 0.7},campaigns/es_epu_policy_uncertainty_intraday/rescue_attempts/tp_min_rr_floor_rescue_1/low_epu_long_1030/config.yaml,backtest-campaigns/es_epu_policy_uncertainty_intraday/low_epu_long_1030/ES/tp_min_rr_rescue1/effective_config.yaml,backtest-campaigns/es_epu_policy_uncertainty_intraday/low_epu_long_1030/ES/tp_min_rr_rescue1,es_sierra_trade_orderflow_1m_20101214_20260610_full_rth_ny,failed,18,18,6,0.3333333333333333,10,0.5555555555555556,0,2713.125,1.233186506231199,1.0591300393714418,79.19891582592983,103,,skipped,skipped,,,,,skipped,,,,backtest-campaigns/es_epu_policy_uncertainty_intraday/low_epu_long_1030/ES/tp_min_rr_rescue1/limited_core_grid_test/fixed_config_core_trade_log.csv
es_fomc_pre_announcement_drift,decision_day_late_morning_long_1130,ES,1m,tp_min_rr_rescue1,FAIL,False,limited_core_grid_test,failed,limited_core_grid_test failed: summary.total_combinations_tested=4 expected {'valid_parameter_combination_count': '1 fixed combo or 8-120 tunable combos'}; summary.percentage_profitable_iterations=0.0 expected {'min': 0.7},campaigns/es_fomc_pre_announcement_drift/rescue_attempts/tp_min_rr_floor_rescue_1/decision_day_late_morning_long_1130/config.yaml,backtest-campaigns/es_fomc_pre_announcement_drift/decision_day_late_morning_long_1130/ES/tp_min_rr_rescue1/effective_config.yaml,backtest-campaigns/es_fomc_pre_announcement_drift/decision_day_late_morning_long_1130/ES/tp_min_rr_rescue1,es_sierra_trade_orderflow_1m_20101214_20260610_full_rth_ny,failed,4,4,0,0.0,0,0.0,0,-367.5,0.41434262948207173,-0.7907518045902742,8.696036434143481,11,min_total_net_profit,skipped,skipped,,,,,skipped,,,,backtest-campaigns/es_fomc_pre_announcement_drift/decision_day_late_morning_long_1130/ES/tp_min_rr_rescue1/limited_core_grid_test/fixed_config_core_trade_log.csv
es_footprint_absorption_initiation,rolling_range_footprint_absorption_sweep_1500,ES,1m,tp_min_rr_rescue1,FAIL,False,limited_core_grid_test,failed,limited_core_grid_test failed: summary.percentage_profitable_iterations=0.018518518518518517 expected {'min': 0.7},campaigns/es_footprint_absorption_initiation/rescue_attempts/tp_min_rr_floor_rescue_1/rolling_range_footprint_absorption_sweep_1500/config.yaml,backtest-campaigns/es_footprint_absorption_initiation/rolling_range_footprint_absorption_sweep_1500/ES/tp_min_rr_rescue1/effective_config.yaml,backtest-campaigns/es_footprint_absorption_initiation/rolling_range_footprint_absorption_sweep_1500/ES/tp_min_rr_rescue1,es_sierra_footprint_imbalance_1m_20101214_20260610_full_rth_ny,failed,54,54,0,0.0,1,0.018518518518518517,0,342.5,1.0526315789473684,0.1363597860637906,53.92095386899354,79,max_best_day_concentration,skipped,skipped,,,,,skipped,,,,backtest-campaigns/es_footprint_absorption_initiation/rolling_range_footprint_absorption_sweep_1500/ES/tp_min_rr_rescue1/limited_core_grid_test/fixed_config_core_trade_log.csv
es_gao_last_half_hour_orderflow_confirmation,first30_signed_flow_two_sided_1530,ES,5m,tp_min_rr_rescue1,FAIL,False,limited_core_grid_test,failed,limited_core_grid_test failed: summary.percentage_profitable_iterations=0.0 expected {'min': 0.7},campaigns/es_gao_last_half_hour_orderflow_confirmation/rescue_attempts/tp_min_rr_floor_rescue_1/first30_signed_flow_two_sided_1530/config.yaml,backtest-campaigns/es_gao_last_half_hour_orderflow_confirmation/first30_signed_flow_two_sided_1530/ES/tp_min_rr_rescue1/effective_config.yaml,backtest-campaigns/es_gao_last_half_hour_orderflow_confirmation/first30_signed_flow_two_sided_1530/ES/tp_min_rr_rescue1,es_sierra_trade_orderflow_1m_20101214_20260610_full_rth_ny,failed,12,12,0,0.0,0,0.0,0,-2172.5,0.7220089571337172,-0.49845375883933024,79.2925751780981,122,min_total_net_profit;max_consecutive_losses,skipped,skipped,,,,,skipped,,,,backtest-campaigns/es_gao_last_half_hour_orderflow_confirmation/first30_signed_flow_two_sided_1530/ES/tp_min_rr_rescue1/limited_core_grid_test/fixed_config_core_trade_log.csv
es_intraday_capitulation_orderflow_reversion,late_day_10m_capitulation_long_1530,ES,10m,tp_min_rr_rescue1,FAIL,False,limited_core_grid_test,failed,limited_core_grid_test failed: summary.percentage_profitable_iterations=0.0 expected {'min': 0.7},campaigns/es_intraday_capitulation_orderflow_reversion/rescue_attempts/tp_min_rr_floor_rescue_1/late_day_10m_capitulation_long_1530/config.yaml,backtest-campaigns/es_intraday_capitulation_orderflow_reversion/late_day_10m_capitulation_long_1530/ES/tp_min_rr_rescue1/effective_config.yaml,backtest-campaigns/es_intraday_capitulation_orderflow_reversion/late_day_10m_capitulation_long_1530/ES/tp_min_rr_rescue1,es_sierra_trade_orderflow_1m_20101214_20260610_full_rth_ny,failed,54,54,0,0.0,0,0.0,0,-3555.0,0.5734853029394121,-0.5790730328033644,75.52499907158683,116,min_total_net_profit;max_consecutive_losses,skipped,skipped,,,,,skipped,,,,backtest-campaigns/es_intraday_capitulation_orderflow_reversion/late_day_10m_capitulation_long_1530/ES/tp_min_rr_rescue1/limited_core_grid_test/fixed_config_core_trade_log.csv
es_intraday_periodicity_orderflow_confirmation,afternoon_1330_large20_confirmed_slot,ES,1m,tp_min_rr_rescue1,FAIL,False,limited_core_grid_test,failed,limited_core_grid_test failed: summary.percentage_profitable_iterations=0.0 expected {'min': 0.7},campaigns/es_intraday_periodicity_orderflow_confirmation/rescue_attempts/tp_min_rr_floor_rescue_1/afternoon_1330_large20_confirmed_slot/config.yaml,backtest-campaigns/es_intraday_periodicity_orderflow_confirmation/afternoon_1330_large20_confirmed_slot/ES/tp_min_rr_rescue1/effective_config.yaml,backtest-campaigns/es_intraday_periodicity_orderflow_confirmation/afternoon_1330_large20_confirmed_slot/ES/tp_min_rr_rescue1,es_sierra_trade_orderflow_1m_20101214_20260610_full_rth_ny,failed,54,54,0,0.0,0,0.0,0,-2131.875,0.7297147385103011,-0.4837059493181559,100.03806520637423,152,min_total_net_profit,skipped,skipped,,,,,skipped,,,,backtest-campaigns/es_intraday_periodicity_orderflow_confirmation/afternoon_1330_large20_confirmed_slot/ES/tp_min_rr_rescue1/limited_core_grid_test/fixed_config_core_trade_log.csv
es_intraday_periodicity_persistence,morning_1030_slot_persistence,ES,1m,tp_min_rr_rescue1,FAIL,False,limited_core_grid_test,failed,limited_core_grid_test failed: summary.percentage_profitable_iterations=0.0 expected {'min': 0.7},campaigns/es_intraday_periodicity_persistence/rescue_attempts/tp_min_rr_floor_rescue_1/morning_1030_slot_persistence/config.yaml,backtest-campaigns/es_intraday_periodicity_persistence/morning_1030_slot_persistence/ES/tp_min_rr_rescue1/effective_config.yaml,backtest-campaigns/es_intraday_periodicity_persistence/morning_1030_slot_persistence/ES/tp_min_rr_rescue1,es_sierra_trade_orderflow_1m_20101214_20260610_full_rth_ny,failed,54,54,0,0.0,0,0.0,0,-5811.25,0.6824453551912568,-0.6585185823874271,169.40217329765272,256,min_total_net_profit,skipped,skipped,,,,,skipped,,,,backtest-campaigns/es_intraday_periodicity_persistence/morning_1030_slot_persistence/ES/tp_min_rr_rescue1/limited_core_grid_test/fixed_config_core_trade_log.csv
es_key_reversal_orderflow_reversal,morning_signed_two_sided_key_reversal_1130,ES,1m,tp_min_rr_rescue1,FAIL,False,limited_core_grid_test,failed,limited_core_grid_test failed: summary.percentage_profitable_iterations=0.0 expected {'min': 0.7},campaigns/es_key_reversal_orderflow_reversal/rescue_attempts/tp_min_rr_floor_rescue_1/morning_signed_two_sided_key_reversal_1130/config.yaml,backtest-campaigns/es_key_reversal_orderflow_reversal/morning_signed_two_sided_key_reversal_1130/ES/tp_min_rr_rescue1/effective_config.yaml,backtest-campaigns/es_key_reversal_orderflow_reversal/morning_signed_two_sided_key_reversal_1130/ES/tp_min_rr_rescue1,es_sierra_trade_orderflow_1m_20101214_20260610_full_rth_ny,failed,18,18,0,0.0,0,0.0,0,-6697.5,0.5756375732615239,-0.6540765104183549,134.777229653196,207,min_total_net_profit;max_consecutive_losses,skipped,skipped,,,,,skipped,,,,backtest-campaigns/es_key_reversal_orderflow_reversal/morning_signed_two_sided_key_reversal_1130/ES/tp_min_rr_rescue1/limited_core_grid_test/fixed_config_core_trade_log.csv
es_late_day_intraday_momentum,first30_to_last30_long_only,ES,5m,tp_min_rr_rescue1,FAIL,False,limited_core_grid_test,failed,limited_core_grid_test failed: summary.percentage_profitable_iterations=0.0 expected {'min': 0.7},campaigns/es_late_day_intraday_momentum/rescue_attempts/tp_min_rr_floor_rescue_1/first30_to_last30_long_only/config.yaml,backtest-campaigns/es_late_day_intraday_momentum/first30_to_last30_long_only/ES/tp_min_rr_rescue1/effective_config.yaml,backtest-campaigns/es_late_day_intraday_momentum/first30_to_last30_long_only/ES/tp_min_rr_rescue1,es_sierra_trade_orderflow_1m_20101214_20260610_full_rth_ny,failed,9,9,0,0.0,0,0.0,0,-1070.0,0.7296272899557802,-0.4510793564252652,51.622042352824245,79,min_total_net_profit,skipped,skipped,,,,,skipped,,,,backtest-campaigns/es_late_day_intraday_momentum/first30_to_last30_long_only/ES/tp_min_rr_rescue1/limited_core_grid_test/fixed_config_core_trade_log.csv
es_leveraged_etf_rebalance_pressure,late_acceleration_two_sided_1530,ES,1m,tp_min_rr_rescue1,FAIL,False,limited_core_grid_test,failed,limited_core_grid_test failed: summary.percentage_profitable_iterations=0.0 expected {'min': 0.7},campaigns/es_leveraged_etf_rebalance_pressure/rescue_attempts/tp_min_rr_floor_rescue_1/late_acceleration_two_sided_1530/config.yaml,backtest-campaigns/es_leveraged_etf_rebalance_pressure/late_acceleration_two_sided_1530/ES/tp_min_rr_rescue1/effective_config.yaml,backtest-campaigns/es_leveraged_etf_rebalance_pressure/late_acceleration_two_sided_1530/ES/tp_min_rr_rescue1,es_sierra_trade_orderflow_1m_20101214_20260610_full_rth_ny,failed,27,27,0,0.0,0,0.0,0,-1287.5,0.8544786662899124,-0.5083540416814852,76.51295025457765,115,min_total_net_profit,skipped,skipped,,,,,skipped,,,,backtest-campaigns/es_leveraged_etf_rebalance_pressure/late_acceleration_two_sided_1530/ES/tp_min_rr_rescue1/limited_core_grid_test/fixed_config_core_trade_log.csv
es_mes_aligned_flow_continuation,afternoon60_mes_signed_1400,ES,1m,tp_min_rr_rescue1,FAIL,False,limited_core_grid_test,failed,limited_core_grid_test failed: summary.percentage_profitable_iterations=0.0 expected {'min': 0.7},campaigns/es_mes_aligned_flow_continuation/rescue_attempts/tp_min_rr_floor_rescue_1/afternoon60_mes_signed_1400/config.yaml,backtest-campaigns/es_mes_aligned_flow_continuation/afternoon60_mes_signed_1400/ES/tp_min_rr_rescue1/effective_config.yaml,backtest-campaigns/es_mes_aligned_flow_continuation/afternoon60_mes_signed_1400/ES/tp_min_rr_rescue1,es_mes_flow_divergence_1m_20190506_20260609_full_rth_ny,failed,54,54,0,0.0,0,0.0,0,-1786.25,0.8254336672367457,-0.7983196265335325,178.37742684801128,126,min_total_net_profit;max_consecutive_losses,skipped,skipped,,,,,skipped,,,,backtest-campaigns/es_mes_aligned_flow_continuation/afternoon60_mes_signed_1400/ES/tp_min_rr_rescue1/limited_core_grid_test/fixed_config_core_trade_log.csv
es_mes_lead_lag_catchup,late_morning30_signed_two_sided_1130,ES,1m,tp_min_rr_rescue1,FAIL,False,limited_core_grid_test,failed,limited_core_grid_test failed: summary.percentage_profitable_iterations=0.0 expected {'min': 0.7},campaigns/es_mes_lead_lag_catchup/rescue_attempts/tp_min_rr_floor_rescue_1/late_morning30_signed_two_sided_1130/config.yaml,backtest-campaigns/es_mes_lead_lag_catchup/late_morning30_signed_two_sided_1130/ES/tp_min_rr_rescue1/effective_config.yaml,backtest-campaigns/es_mes_lead_lag_catchup/late_morning30_signed_two_sided_1130/ES/tp_min_rr_rescue1,es_mes_flow_divergence_1m_20190506_20260609_full_rth_ny,failed,54,54,0,0.0,0,0.0,0,-132.5,0.984887368120901,-0.08446184265020894,192.6814625264505,134,min_total_net_profit,skipped,skipped,,,,,skipped,,,,backtest-campaigns/es_mes_lead_lag_catchup/late_morning30_signed_two_sided_1130/ES/tp_min_rr_rescue1/limited_core_grid_test/fixed_config_core_trade_log.csv
es_mes_participation_crowding_reversion,afternoon_trade_up_reversal_short_1400,ES,1m,tp_min_rr_rescue1,FAIL,False,limited_core_grid_test,failed,limited_core_grid_test failed: summary.percentage_profitable_iterations=0.0 expected {'min': 0.7},campaigns/es_mes_participation_crowding_reversion/rescue_attempts/tp_min_rr_floor_rescue_1/afternoon_trade_up_reversal_short_1400/config.yaml,backtest-campaigns/es_mes_participation_crowding_reversion/afternoon_trade_up_reversal_short_1400/ES/tp_min_rr_rescue1/effective_config.yaml,backtest-campaigns/es_mes_participation_crowding_reversion/afternoon_trade_up_reversal_short_1400/ES/tp_min_rr_rescue1,es_mes_participation_crowding_1m_20190506_20260609_full_rth_ny,failed,54,54,0,0.0,0,0.0,0,-1522.5,0.8258009153318078,-0.990025327662052,70.3966806645363,32,min_total_net_profit;preferred_min_total_trades,skipped,skipped,,,,,skipped,,,,backtest-campaigns/es_mes_participation_crowding_reversion/afternoon_trade_up_reversal_short_1400/ES/tp_min_rr_rescue1/limited_core_grid_test/fixed_config_core_trade_log.csv
es_midday_range_orderflow_breakout,late_lunch_1200_1330_large10_breakout_1500,ES,5m,tp_min_rr_rescue1,FAIL,False,limited_core_grid_test,failed,limited_core_grid_test failed: summary.percentage_profitable_iterations=0.0 expected {'min': 0.7},campaigns/es_midday_range_orderflow_breakout/rescue_attempts/tp_min_rr_floor_rescue_1/late_lunch_1200_1330_large10_breakout_1500/config.yaml,backtest-campaigns/es_midday_range_orderflow_breakout/late_lunch_1200_1330_large10_breakout_1500/ES/tp_min_rr_rescue1/effective_config.yaml,backtest-campaigns/es_midday_range_orderflow_breakout/late_lunch_1200_1330_large10_breakout_1500/ES/tp_min_rr_rescue1,es_sierra_trade_orderflow_1m_20101214_20260610_full_rth_ny,failed,54,54,0,0.0,0,0.0,0,-4603.75,0.7792231147344443,-0.52241205752598,145.04194874725164,222,min_total_net_profit;max_consecutive_losses,skipped,skipped,,,,,skipped,,,,backtest-campaigns/es_midday_range_orderflow_breakout/late_lunch_1200_1330_large10_breakout_1500/ES/tp_min_rr_rescue1/limited_core_grid_test/fixed_config_core_trade_log.csv
es_monthly_opex_pressure,nonquarterly_post_opex_monday_reversal_long_1000,ES,1m,tp_min_rr_rescue1,FAIL,False,limited_core_grid_test,failed,limited_core_grid_test failed: summary.percentage_profitable_iterations=0.4166666666666667 expected {'min': 0.7},campaigns/es_monthly_opex_pressure/rescue_attempts/tp_min_rr_floor_rescue_1/nonquarterly_post_opex_monday_reversal_long_1000/config.yaml,backtest-campaigns/es_monthly_opex_pressure/nonquarterly_post_opex_monday_reversal_long_1000/ES/tp_min_rr_rescue1/effective_config.yaml,backtest-campaigns/es_monthly_opex_pressure/nonquarterly_post_opex_monday_reversal_long_1000/ES/tp_min_rr_rescue1,es_sierra_trade_orderflow_1m_20101214_20260610_full_rth_ny,failed,12,12,0,0.0,5,0.4166666666666667,0,721.25,1.491482112436116,0.5364506657475528,8.03917997185054,12,max_best_day_concentration,skipped,skipped,,,,,skipped,,,,backtest-campaigns/es_monthly_opex_pressure/nonquarterly_post_opex_monday_reversal_long_1000/ES/tp_min_rr_rescue1/limited_core_grid_test/fixed_config_core_trade_log.csv
es_morning_trend_lunch_reversal_orderflow,late_morning_signed_up_extension_short_1130,ES,5m,tp_min_rr_rescue1,FAIL,False,limited_core_grid_test,failed,limited_core_grid_test failed: summary.percentage_profitable_iterations=0.0 expected {'min': 0.7},campaigns/es_morning_trend_lunch_reversal_orderflow/rescue_attempts/tp_min_rr_floor_rescue_1/late_morning_signed_up_extension_short_1130/config.yaml,backtest-campaigns/es_morning_trend_lunch_reversal_orderflow/late_morning_signed_up_extension_short_1130/ES/tp_min_rr_rescue1/effective_config.yaml,backtest-campaigns/es_morning_trend_lunch_reversal_orderflow/late_morning_signed_up_extension_short_1130/ES/tp_min_rr_rescue1,es_sierra_trade_orderflow_1m_20101214_20260610_full_rth_ny,failed,27,27,0,0.0,0,0.0,0,-95.0,0.9795037756202805,-0.05613600387185756,45.085926192798176,69,min_total_net_profit;min_trades_per_year;preferred_min_total_trades,skipped,skipped,,,,,skipped,,,,backtest-campaigns/es_morning_trend_lunch_reversal_orderflow/late_morning_signed_up_extension_short_1130/ES/tp_min_rr_rescue1/limited_core_grid_test/fixed_config_core_trade_log.csv
es_naaim_exposure_sentiment,level_median_contrarian_1000,ES,1m,tp_min_rr_rescue1,FAIL,False,limited_core_grid_test,failed,limited_core_grid_test failed: summary.total_combinations_tested=3 expected {'valid_parameter_combination_count': '1 fixed combo or 8-120 tunable combos'}; summary.percentage_profitable_iterations=0.0 expected {'min': 0.7},campaigns/es_naaim_exposure_sentiment/rescue_attempts/tp_min_rr_floor_rescue_1/level_median_contrarian_1000/config.yaml,backtest-campaigns/es_naaim_exposure_sentiment/level_median_contrarian_1000/ES/tp_min_rr_rescue1/effective_config.yaml,backtest-campaigns/es_naaim_exposure_sentiment/level_median_contrarian_1000/ES/tp_min_rr_rescue1,es_sierra_trade_orderflow_1m_20101214_20260610_full_rth_ny,failed,3,3,0,0.0,0,0.0,0,-1687.5,0.610726643598616,-0.6188685088186374,52.84304121769271,80,min_total_net_profit,skipped,skipped,,,,,skipped,,,,backtest-campaigns/es_naaim_exposure_sentiment/level_median_contrarian_1000/ES/tp_min_rr_rescue1/limited_core_grid_test/fixed_config_core_trade_log.csv
es_nq_relative_value_orderflow_absorption_reversion,morning15_two_sided_absorption_1000,ES,1m,tp_min_rr_rescue1,FAIL,False,limited_core_grid_test,failed,limited_core_grid_test failed: summary.percentage_profitable_iterations=0.0 expected {'min': 0.7},campaigns/es_nq_relative_value_orderflow_absorption_reversion/rescue_attempts/tp_min_rr_floor_rescue_1/morning15_two_sided_absorption_1000/config.yaml,backtest-campaigns/es_nq_relative_value_orderflow_absorption_reversion/morning15_two_sided_absorption_1000/ES/tp_min_rr_rescue1/effective_config.yaml,backtest-campaigns/es_nq_relative_value_orderflow_absorption_reversion/morning15_two_sided_absorption_1000/ES/tp_min_rr_rescue1,es_nq_lead_lag_1m_20110103_20260609_full_rth_ny,failed,27,27,0,0.0,0,0.0,0,-2170.0,0.7430432208407342,-0.40767249125130417,71.09683019991073,109,min_total_net_profit,skipped,skipped,,,,,skipped,,,,backtest-campaigns/es_nq_relative_value_orderflow_absorption_reversion/morning15_two_sided_absorption_1000/ES/tp_min_rr_rescue1/limited_core_grid_test/fixed_config_core_trade_log.csv
es_oil_price_shock_spillover,wti_down_relief_long_1000,ES,1m,tp_min_rr_rescue1,FAIL,False,limited_core_grid_test,failed,limited_core_grid_test failed: summary.percentage_profitable_iterations=0.0 expected {'min': 0.7},campaigns/es_oil_price_shock_spillover/rescue_attempts/tp_min_rr_floor_rescue_1/wti_down_relief_long_1000/config.yaml,backtest-campaigns/es_oil_price_shock_spillover/wti_down_relief_long_1000/ES/tp_min_rr_rescue1/effective_config.yaml,backtest-campaigns/es_oil_price_shock_spillover/wti_down_relief_long_1000/ES/tp_min_rr_rescue1,es_sierra_trade_orderflow_1m_20101214_20260610_full_rth_ny,failed,18,18,0,0.0,0,0.0,0,-1325.0,0.8490458558815153,-0.3374660299780305,60.63498651172443,85,min_total_net_profit,skipped,skipped,,,,,skipped,,,,backtest-campaigns/es_oil_price_shock_spillover/wti_down_relief_long_1000/ES/tp_min_rr_rescue1/limited_core_grid_test/fixed_config_core_trade_log.csv
es_opening_drive_inventory_absorption,open60_flow_continuation_1130,ES,1m,tp_min_rr_rescue1,FAIL,False,limited_core_grid_test,failed,limited_core_grid_test failed: summary.percentage_profitable_iterations=0.2777777777777778 expected {'min': 0.7},campaigns/es_opening_drive_inventory_absorption/rescue_attempts/tp_min_rr_floor_rescue_1/open60_flow_continuation_1130/config.yaml,backtest-campaigns/es_opening_drive_inventory_absorption/open60_flow_continuation_1130/ES/tp_min_rr_rescue1/effective_config.yaml,backtest-campaigns/es_opening_drive_inventory_absorption/open60_flow_continuation_1130/ES/tp_min_rr_rescue1,es_sierra_trade_orderflow_1m_20101214_20260610_full_rth_ny,failed,54,54,0,0.0,15,0.2777777777777778,0,620.0,1.2366412213740459,0.8047678708874766,26.638282577440858,31,min_trades_per_year;preferred_min_total_trades,skipped,skipped,,,,,skipped,,,,backtest-campaigns/es_opening_drive_inventory_absorption/open60_flow_continuation_1130/ES/tp_min_rr_rescue1/limited_core_grid_test/fixed_config_core_trade_log.csv
es_opening_drive_mes_crowding_reversal,od30_notional_failed_extension_reversal_1300,ES,1m,tp_min_rr_rescue1,FAIL,False,limited_core_grid_test,failed,limited_core_grid_test failed: summary.percentage_profitable_iterations=0.5555555555555556 expected {'min': 0.7},campaigns/es_opening_drive_mes_crowding_reversal/rescue_attempts/tp_min_rr_floor_rescue_1/od30_notional_failed_extension_reversal_1300/config.yaml,backtest-campaigns/es_opening_drive_mes_crowding_reversal/od30_notional_failed_extension_reversal_1300/ES/tp_min_rr_rescue1/effective_config.yaml,backtest-campaigns/es_opening_drive_mes_crowding_reversal/od30_notional_failed_extension_reversal_1300/ES/tp_min_rr_rescue1,es_mes_participation_crowding_1m_20190506_20260609_full_rth_ny,failed,27,27,3,0.1111111111111111,15,0.5555555555555556,0,1425.0,1.1796973518284994,1.5574766895154655,143.9715780738555,95,,skipped,skipped,,,,,skipped,,,,backtest-campaigns/es_opening_drive_mes_crowding_reversal/od30_notional_failed_extension_reversal_1300/ES/tp_min_rr_rescue1/limited_core_grid_test/fixed_config_core_trade_log.csv
es_opening_drive_vwap_orderflow_pullback,drive60_large20_pullback_1430,ES,5m,tp_min_rr_rescue1,FAIL,False,limited_core_grid_test,failed,limited_core_grid_test failed: summary.percentage_profitable_iterations=0.0 expected {'min': 0.7},campaigns/es_opening_drive_vwap_orderflow_pullback/rescue_attempts/tp_min_rr_floor_rescue_1/drive60_large20_pullback_1430/config.yaml,backtest-campaigns/es_opening_drive_vwap_orderflow_pullback/drive60_large20_pullback_1430/ES/tp_min_rr_rescue1/effective_config.yaml,backtest-campaigns/es_opening_drive_vwap_orderflow_pullback/drive60_large20_pullback_1430/ES/tp_min_rr_rescue1,es_sierra_trade_orderflow_1m_20101214_20260610_full_rth_ny,failed,54,54,0,0.0,0,0.0,0,-1240.0,0.8619537990537156,-0.28535010791403653,67.53668935597278,103,min_total_net_profit;max_consecutive_losses,skipped,skipped,,,,,skipped,,,,backtest-campaigns/es_opening_drive_vwap_orderflow_pullback/drive60_large20_pullback_1430/ES/tp_min_rr_rescue1/limited_core_grid_test/fixed_config_core_trade_log.csv
es_opening_gap_orderflow_absorption_fade,late_morning_large20_gap_absorption_fade_1100,ES,5m,tp_min_rr_rescue1,FAIL,False,limited_core_grid_test,failed,limited_core_grid_test failed: summary.percentage_profitable_iterations=0.0 expected {'min': 0.7},campaigns/es_opening_gap_orderflow_absorption_fade/rescue_attempts/tp_min_rr_floor_rescue_1/late_morning_large20_gap_absorption_fade_1100/config.yaml,backtest-campaigns/es_opening_gap_orderflow_absorption_fade/late_morning_large20_gap_absorption_fade_1100/ES/tp_min_rr_rescue1/effective_config.yaml,backtest-campaigns/es_opening_gap_orderflow_absorption_fade/late_morning_large20_gap_absorption_fade_1100/ES/tp_min_rr_rescue1,es_sierra_trade_orderflow_1m_20101214_20260610_full_rth_ny,failed,27,27,0,0.0,0,0.0,0,-1815.0,0.7985012489592007,-0.3958710123830476,65.20316502533159,98,min_total_net_profit,skipped,skipped,,,,,skipped,,,,backtest-campaigns/es_opening_gap_orderflow_absorption_fade/late_morning_large20_gap_absorption_fade_1100/ES/tp_min_rr_rescue1/limited_core_grid_test/fixed_config_core_trade_log.csv
es_opening_gap_orderflow_continuation,late_morning_large10_gap_hold_continuation_1100,ES,5m,tp_min_rr_rescue1,FAIL,False,limited_core_grid_test,failed,limited_core_grid_test failed: summary.percentage_profitable_iterations=0.0 expected {'min': 0.7},campaigns/es_opening_gap_orderflow_continuation/rescue_attempts/tp_min_rr_floor_rescue_1/late_morning_large10_gap_hold_continuation_1100/config.yaml,backtest-campaigns/es_opening_gap_orderflow_continuation/late_morning_large10_gap_hold_continuation_1100/ES/tp_min_rr_rescue1/effective_config.yaml,backtest-campaigns/es_opening_gap_orderflow_continuation/late_morning_large10_gap_hold_continuation_1100/ES/tp_min_rr_rescue1,es_sierra_trade_orderflow_1m_20101214_20260610_full_rth_ny,failed,27,27,0,0.0,0,0.0,0,-407.5,0.9660416666666667,-0.10920811104166402,51.32806680543288,79,min_total_net_profit,skipped,skipped,,,,,skipped,,,,backtest-campaigns/es_opening_gap_orderflow_continuation/late_morning_large10_gap_hold_continuation_1100/ES/tp_min_rr_rescue1/limited_core_grid_test/fixed_config_core_trade_log.csv
es_opening_range_failed_breakout_trend_orderflow,or15_full_session_large10_trend_reclaim_1530,ES,1m,tp_min_rr_rescue1,FAIL,False,limited_core_grid_test,failed,limited_core_grid_test failed: summary.percentage_profitable_iterations=0.0 expected {'min': 0.7},campaigns/es_opening_range_failed_breakout_trend_orderflow/rescue_attempts/tp_min_rr_floor_rescue_1/or15_full_session_large10_trend_reclaim_1530/config.yaml,backtest-campaigns/es_opening_range_failed_breakout_trend_orderflow/or15_full_session_large10_trend_reclaim_1530/ES/tp_min_rr_rescue1/effective_config.yaml,backtest-campaigns/es_opening_range_failed_breakout_trend_orderflow/or15_full_session_large10_trend_reclaim_1530/ES/tp_min_rr_rescue1,es_sierra_trade_orderflow_1m_20101214_20260610_full_rth_ny,failed,18,18,0,0.0,0,0.0,0,-2852.5,0.31430288461538464,-0.6569883267149538,71.45476501962364,108,min_total_net_profit;max_consecutive_losses,skipped,skipped,,,,,skipped,,,,backtest-campaigns/es_opening_range_failed_breakout_trend_orderflow/or15_full_session_large10_trend_reclaim_1530/ES/tp_min_rr_rescue1/limited_core_grid_test/fixed_config_core_trade_log.csv
es_opening_range_nq_orderflow_breakout,or15_nq15_signed_breakout_1030,ES,1m,tp_min_rr_rescue1,FAIL,False,limited_core_grid_test,failed,limited_core_grid_test failed: summary.percentage_profitable_iterations=0.0 expected {'min': 0.7},campaigns/es_opening_range_nq_orderflow_breakout/rescue_attempts/tp_min_rr_floor_rescue_1/or15_nq15_signed_breakout_1030/config.yaml,backtest-campaigns/es_opening_range_nq_orderflow_breakout/or15_nq15_signed_breakout_1030/ES/tp_min_rr_rescue1/effective_config.yaml,backtest-campaigns/es_opening_range_nq_orderflow_breakout/or15_nq15_signed_breakout_1030/ES/tp_min_rr_rescue1,es_nq_lead_lag_1m_20110103_20260609_full_rth_ny,failed,54,54,0,0.0,0,0.0,0,-7640.625,0.822641016713092,-0.5053989344648052,185.1546345910132,285,min_total_net_profit;max_consecutive_losses,skipped,skipped,,,,,skipped,,,,backtest-campaigns/es_opening_range_nq_orderflow_breakout/or15_nq15_signed_breakout_1030/ES/tp_min_rr_rescue1/limited_core_grid_test/fixed_config_core_trade_log.csv
es_opening_range_orderflow_breakout,or60_signed_flow_breakout_1200,ES,5m,tp_min_rr_rescue1,FAIL,False,limited_core_grid_test,failed,limited_core_grid_test failed: summary.percentage_profitable_iterations=0.0 expected {'min': 0.7},campaigns/es_opening_range_orderflow_breakout/rescue_attempts/tp_min_rr_floor_rescue_1/or60_signed_flow_breakout_1200/config.yaml,backtest-campaigns/es_opening_range_orderflow_breakout/or60_signed_flow_breakout_1200/ES/tp_min_rr_rescue1/effective_config.yaml,backtest-campaigns/es_opening_range_orderflow_breakout/or60_signed_flow_breakout_1200/ES/tp_min_rr_rescue1,es_sierra_trade_orderflow_1m_20101214_20260610_full_rth_ny,failed,27,27,0,0.0,0,0.0,0,-2897.5,0.8487340120073088,-0.5519906396960722,89.66435837610827,137,min_total_net_profit,skipped,skipped,,,,,skipped,,,,backtest-campaigns/es_opening_range_orderflow_breakout/or60_signed_flow_breakout_1200/ES/tp_min_rr_rescue1/limited_core_grid_test/fixed_config_core_trade_log.csv
es_opening_range_retest_orderflow,or60_large20_aligned_retest_1230,ES,5m,tp_min_rr_rescue1,FAIL,False,limited_core_grid_test,failed,limited_core_grid_test failed: summary.percentage_profitable_iterations=0.0 expected {'min': 0.7},campaigns/es_opening_range_retest_orderflow/rescue_attempts/tp_min_rr_floor_rescue_1/or60_large20_aligned_retest_1230/config.yaml,backtest-campaigns/es_opening_range_retest_orderflow/or60_large20_aligned_retest_1230/ES/tp_min_rr_rescue1/effective_config.yaml,backtest-campaigns/es_opening_range_retest_orderflow/or60_large20_aligned_retest_1230/ES/tp_min_rr_rescue1,es_sierra_trade_orderflow_1m_20101214_20260610_full_rth_ny,failed,27,27,0,0.0,0,0.0,0,-245.0,0.9864434914925992,-0.06191219239796776,106.95877637313923,164,min_total_net_profit,skipped,skipped,,,,,skipped,,,,backtest-campaigns/es_opening_range_retest_orderflow/or60_large20_aligned_retest_1230/ES/tp_min_rr_rescue1/limited_core_grid_test/fixed_config_core_trade_log.csv
es_opening_range_trend_orderflow_breakout,or60_signed_trend_breakout_1200,ES,5m,tp_min_rr_rescue1,FAIL,False,limited_core_grid_test,failed,limited_core_grid_test failed: summary.percentage_profitable_iterations=0.0 expected {'min': 0.7},campaigns/es_opening_range_trend_orderflow_breakout/rescue_attempts/tp_min_rr_floor_rescue_1/or60_signed_trend_breakout_1200/config.yaml,backtest-campaigns/es_opening_range_trend_orderflow_breakout/or60_signed_trend_breakout_1200/ES/tp_min_rr_rescue1/effective_config.yaml,backtest-campaigns/es_opening_range_trend_orderflow_breakout/or60_signed_trend_breakout_1200/ES/tp_min_rr_rescue1,es_sierra_trade_orderflow_1m_20101214_20260610_full_rth_ny,failed,54,54,0,0.0,0,0.0,0,-3025.0,0.8567029843675983,-0.5208616723709634,98.17265515632292,150,min_total_net_profit,skipped,skipped,,,,,skipped,,,,backtest-campaigns/es_opening_range_trend_orderflow_breakout/or60_signed_trend_breakout_1200/ES/tp_min_rr_rescue1/limited_core_grid_test/fixed_config_core_trade_log.csv
es_orderflow_absorption_exhaustion_reversal,early_5m_absorption_fade_1000,ES,1m,tp_min_rr_rescue1,FAIL,False,limited_core_grid_test,failed,limited_core_grid_test failed: summary.percentage_profitable_iterations=0.6666666666666666 expected {'min': 0.7},campaigns/es_orderflow_absorption_exhaustion_reversal/rescue_attempts/tp_min_rr_floor_rescue_1/early_5m_absorption_fade_1000/config.yaml,backtest-campaigns/es_orderflow_absorption_exhaustion_reversal/early_5m_absorption_fade_1000/ES/tp_min_rr_rescue1/effective_config.yaml,backtest-campaigns/es_orderflow_absorption_exhaustion_reversal/early_5m_absorption_fade_1000/ES/tp_min_rr_rescue1,es_sierra_trade_orderflow_1m_20101214_20260610_full_rth_ny,failed,54,54,0,0.0,36,0.6666666666666666,0,1935.0,7.849557522123894,7.535130013090831,12.547005148798283,18,min_trades_per_year;preferred_min_total_trades,skipped,skipped,,,,,skipped,,,,backtest-campaigns/es_orderflow_absorption_exhaustion_reversal/early_5m_absorption_fade_1000/ES/tp_min_rr_rescue1/limited_core_grid_test/fixed_config_core_trade_log.csv
es_orderflow_impulse_reversal,afternoon_60m_impulse_reversal_1400,ES,1m,tp_min_rr_rescue1,FAIL,False,limited_core_grid_test,failed,limited_core_grid_test failed: summary.percentage_profitable_iterations=0.0 expected {'min': 0.7},campaigns/es_orderflow_impulse_reversal/rescue_attempts/tp_min_rr_floor_rescue_1/afternoon_60m_impulse_reversal_1400/config.yaml,backtest-campaigns/es_orderflow_impulse_reversal/afternoon_60m_impulse_reversal_1400/ES/tp_min_rr_rescue1/effective_config.yaml,backtest-campaigns/es_orderflow_impulse_reversal/afternoon_60m_impulse_reversal_1400/ES/tp_min_rr_rescue1,es_sierra_trade_orderflow_1m_20101214_20260610_full_rth_ny,failed,27,27,0,0.0,0,0.0,0,-1847.5,0.5050234427327528,-0.635317393658836,63.38339671492447,97,min_total_net_profit,skipped,skipped,,,,,skipped,,,,backtest-campaigns/es_orderflow_impulse_reversal/afternoon_60m_impulse_reversal_1400/ES/tp_min_rr_rescue1/limited_core_grid_test/fixed_config_core_trade_log.csv
es_overnight_inventory_sweep_reversion,morning_overnight_high_reject_short,ES,5m,tp_min_rr_rescue1,FAIL,False,limited_core_grid_test,failed,limited_core_grid_test failed: summary.percentage_profitable_iterations=0.012345679012345678 expected {'min': 0.7},campaigns/es_overnight_inventory_sweep_reversion/rescue_attempts/tp_min_rr_floor_rescue_1/morning_overnight_high_reject_short/config.yaml,backtest-campaigns/es_overnight_inventory_sweep_reversion/morning_overnight_high_reject_short/ES/tp_min_rr_rescue1/effective_config.yaml,backtest-campaigns/es_overnight_inventory_sweep_reversion/morning_overnight_high_reject_short/ES/tp_min_rr_rescue1,es_databento_ohlcv_1m_20100606_20260531_eth_rth_explicit_roll,failed,81,81,1,0.012345679012345678,1,0.012345679012345678,0,1663.75,1.1581511406844107,0.6720658629956631,48.74767965537498,71,,skipped,skipped,,,,,skipped,,,,backtest-campaigns/es_overnight_inventory_sweep_reversion/morning_overnight_high_reject_short/ES/tp_min_rr_rescue1/limited_core_grid_test/fixed_config_core_trade_log.csv
es_overnight_range_compression_orderflow_breakout,midday_signed_two_sided_breakout_1300,ES,5m,tp_min_rr_rescue1,FAIL,False,limited_core_grid_test,failed,limited_core_grid_test failed: summary.percentage_profitable_iterations=0.0 expected {'min': 0.7},campaigns/es_overnight_range_compression_orderflow_breakout/rescue_attempts/tp_min_rr_floor_rescue_1/midday_signed_two_sided_breakout_1300/config.yaml,backtest-campaigns/es_overnight_range_compression_orderflow_breakout/midday_signed_two_sided_breakout_1300/ES/tp_min_rr_rescue1/effective_config.yaml,backtest-campaigns/es_overnight_range_compression_orderflow_breakout/midday_signed_two_sided_breakout_1300/ES/tp_min_rr_rescue1,es_sierra_trade_orderflow_1m_20101214_20260610_full_rth_ny,failed,27,27,0,0.0,0,0.0,0,-77.5,0.9865275966970882,-0.0296396971221847,83.49658623704724,128,min_total_net_profit,skipped,skipped,,,,,skipped,,,,backtest-campaigns/es_overnight_range_compression_orderflow_breakout/midday_signed_two_sided_breakout_1300/ES/tp_min_rr_rescue1/limited_core_grid_test/fixed_config_core_trade_log.csv
es_overnight_return_late_day_momentum,penultimate_alignment_1530,ES,5m,tp_min_rr_rescue1,FAIL,False,limited_core_grid_test,failed,limited_core_grid_test failed: summary.percentage_profitable_iterations=0.037037037037037035 expected {'min': 0.7},campaigns/es_overnight_return_late_day_momentum/rescue_attempts/tp_min_rr_floor_rescue_1/penultimate_alignment_1530/config.yaml,backtest-campaigns/es_overnight_return_late_day_momentum/penultimate_alignment_1530/ES/tp_min_rr_rescue1/effective_config.yaml,backtest-campaigns/es_overnight_return_late_day_momentum/penultimate_alignment_1530/ES/tp_min_rr_rescue1,es_sierra_trade_orderflow_1m_20101214_20260610_full_rth_ny,failed,27,27,0,0.0,1,0.037037037037037035,0,37.5,1.009733939000649,0.014268919313521537,26.037439622067737,35,min_trades_per_year;preferred_min_total_trades;max_best_day_concentration,skipped,skipped,,,,,skipped,,,,backtest-campaigns/es_overnight_return_late_day_momentum/penultimate_alignment_1530/ES/tp_min_rr_rescue1/limited_core_grid_test/fixed_config_core_trade_log.csv
es_preholiday_effect,preholiday_late_long_1500,ES,1m,tp_min_rr_rescue1,FAIL,False,limited_core_grid_test,failed,limited_core_grid_test failed: summary.percentage_profitable_iterations=0.0 expected {'min': 0.7},campaigns/es_preholiday_effect/rescue_attempts/tp_min_rr_floor_rescue_1/preholiday_late_long_1500/config.yaml,backtest-campaigns/es_preholiday_effect/preholiday_late_long_1500/ES/tp_min_rr_rescue1/effective_config.yaml,backtest-campaigns/es_preholiday_effect/preholiday_late_long_1500/ES/tp_min_rr_rescue1,es_sierra_trade_orderflow_1m_20101214_20260610_full_rth_ny,failed,9,9,0,0.0,0,0.0,0,-81.875,0.8476744186046512,-0.2566575972247708,9.486955946633318,12,min_total_net_profit,skipped,skipped,,,,,skipped,,,,backtest-campaigns/es_preholiday_effect/preholiday_late_long_1500/ES/tp_min_rr_rescue1/limited_core_grid_test/fixed_config_core_trade_log.csv
es_prior_day_stop_run_reclaim,midday_two_sided_reclaim,ES,5m,tp_min_rr_rescue1,FAIL,False,limited_core_grid_test,failed,limited_core_grid_test failed: summary.percentage_profitable_iterations=0.3148148148148148 expected {'min': 0.7},campaigns/es_prior_day_stop_run_reclaim/rescue_attempts/tp_min_rr_floor_rescue_1/midday_two_sided_reclaim/config.yaml,backtest-campaigns/es_prior_day_stop_run_reclaim/midday_two_sided_reclaim/ES/tp_min_rr_rescue1/effective_config.yaml,backtest-campaigns/es_prior_day_stop_run_reclaim/midday_two_sided_reclaim/ES/tp_min_rr_rescue1,es_sierra_trade_orderflow_1m_20101214_20260610_full_rth_ny,failed,54,54,0,0.0,17,0.3148148148148148,0,266.25,1.3697916666666667,0.394202595285834,6.732557302292091,8,min_trades_per_year;preferred_min_total_trades;max_best_day_concentration,skipped,skipped,,,,,skipped,,,,backtest-campaigns/es_prior_day_stop_run_reclaim/midday_two_sided_reclaim/ES/tp_min_rr_rescue1/limited_core_grid_test/fixed_config_core_trade_log.csv
es_prior_level_delta_dislocation,pdl_sell_absorption_long,ES,1m,tp_min_rr_rescue1,FAIL,False,limited_core_grid_test,failed,limited_core_grid_test failed: summary.percentage_profitable_iterations=0.2222222222222222 expected {'min': 0.7},campaigns/es_prior_level_delta_dislocation/rescue_attempts/tp_min_rr_floor_rescue_1/pdl_sell_absorption_long/config.yaml,backtest-campaigns/es_prior_level_delta_dislocation/pdl_sell_absorption_long/ES/tp_min_rr_rescue1/effective_config.yaml,backtest-campaigns/es_prior_level_delta_dislocation/pdl_sell_absorption_long/ES/tp_min_rr_rescue1,es_sierra_trade_orderflow_1m_20101214_20260610_full_rth_ny,failed,27,27,0,0.0,6,0.2222222222222222,0,52.5,1.0408560311284047,0.08169397074899201,12.324780316344464,17,min_trades_per_year;preferred_min_total_trades;max_best_day_concentration,skipped,skipped,,,,,skipped,,,,backtest-campaigns/es_prior_level_delta_dislocation/pdl_sell_absorption_long/ES/tp_min_rr_rescue1/limited_core_grid_test/fixed_config_core_trade_log.csv
es_prior_session_benchmark_orderflow_reaction,prior_close_midday_large10_reclaim_reversion_1400,ES,5m,tp_min_rr_rescue1,FAIL,False,limited_core_grid_test,failed,limited_core_grid_test failed: summary.percentage_profitable_iterations=0.0 expected {'min': 0.7},campaigns/es_prior_session_benchmark_orderflow_reaction/rescue_attempts/tp_min_rr_floor_rescue_1/prior_close_midday_large10_reclaim_reversion_1400/config.yaml,backtest-campaigns/es_prior_session_benchmark_orderflow_reaction/prior_close_midday_large10_reclaim_reversion_1400/ES/tp_min_rr_rescue1/effective_config.yaml,backtest-campaigns/es_prior_session_benchmark_orderflow_reaction/prior_close_midday_large10_reclaim_reversion_1400/ES/tp_min_rr_rescue1,es_sierra_trade_orderflow_1m_20101214_20260610_full_rth_ny,failed,54,54,0,0.0,0,0.0,0,-476.25,0.9519546027742749,-0.10075376877690467,71.22667693722123,109,min_total_net_profit;max_consecutive_losses,skipped,skipped,,,,,skipped,,,,backtest-campaigns/es_prior_session_benchmark_orderflow_reaction/prior_close_midday_large10_reclaim_reversion_1400/ES/tp_min_rr_rescue1/limited_core_grid_test/fixed_config_core_trade_log.csv
es_prior_session_breakout_orderflow_confirmation,first_half_signed_no_buffer_break_two_sided,ES,5m,tp_min_rr_rescue1,FAIL,False,limited_core_grid_test,failed,limited_core_grid_test failed: summary.percentage_profitable_iterations=0.3333333333333333 expected {'min': 0.7},campaigns/es_prior_session_breakout_orderflow_confirmation/rescue_attempts/tp_min_rr_floor_rescue_1/first_half_signed_no_buffer_break_two_sided/config.yaml,backtest-campaigns/es_prior_session_breakout_orderflow_confirmation/first_half_signed_no_buffer_break_two_sided/ES/tp_min_rr_rescue1/effective_config.yaml,backtest-campaigns/es_prior_session_breakout_orderflow_confirmation/first_half_signed_no_buffer_break_two_sided/ES/tp_min_rr_rescue1,es_sierra_trade_orderflow_1m_20101214_20260610_full_rth_ny,failed,24,24,4,0.16666666666666666,8,0.3333333333333333,0,1330.0,1.1748274728885968,0.6803357224014693,54.875965718544286,84,,skipped,skipped,,,,,skipped,,,,backtest-campaigns/es_prior_session_breakout_orderflow_confirmation/first_half_signed_no_buffer_break_two_sided/ES/tp_min_rr_rescue1/limited_core_grid_test/fixed_config_core_trade_log.csv
es_prior_session_flip_retest_orderflow,late_morning_large10_absorbed_two_sided_flip,ES,5m,tp_min_rr_rescue1,FAIL,False,limited_core_grid_test,failed,limited_core_grid_test failed: summary.percentage_profitable_iterations=0.0 expected {'min': 0.7},campaigns/es_prior_session_flip_retest_orderflow/rescue_attempts/tp_min_rr_floor_rescue_1/late_morning_large10_absorbed_two_sided_flip/config.yaml,backtest-campaigns/es_prior_session_flip_retest_orderflow/late_morning_large10_absorbed_two_sided_flip/ES/tp_min_rr_rescue1/effective_config.yaml,backtest-campaigns/es_prior_session_flip_retest_orderflow/late_morning_large10_absorbed_two_sided_flip/ES/tp_min_rr_rescue1,es_sierra_trade_orderflow_1m_20101214_20260610_full_rth_ny,failed,54,54,0,0.0,0,0.0,0,-1744.375,0.9245920242083648,-0.270795595085516,115.62719064002087,177,min_total_net_profit,skipped,skipped,,,,,skipped,,,,backtest-campaigns/es_prior_session_flip_retest_orderflow/late_morning_large10_absorbed_two_sided_flip/ES/tp_min_rr_rescue1/limited_core_grid_test/fixed_config_core_trade_log.csv
es_prior_session_level_breakout_continuation,morning_prior_low_breakout_short,ES,5m,tp_min_rr_rescue1,FAIL,False,limited_core_grid_test,failed,limited_core_grid_test failed: summary.percentage_profitable_iterations=0.3148148148148148 expected {'min': 0.7},campaigns/es_prior_session_level_breakout_continuation/rescue_attempts/tp_min_rr_floor_rescue_1/morning_prior_low_breakout_short/config.yaml,backtest-campaigns/es_prior_session_level_breakout_continuation/morning_prior_low_breakout_short/ES/tp_min_rr_rescue1/effective_config.yaml,backtest-campaigns/es_prior_session_level_breakout_continuation/morning_prior_low_breakout_short/ES/tp_min_rr_rescue1,es_sierra_trade_orderflow_1m_20101214_20260610_full_rth_ny,failed,54,54,0,0.0,17,0.3148148148148148,0,1133.75,1.2187650747708634,0.5965254132023323,24.17020536673519,37,min_trades_per_year;preferred_min_total_trades,skipped,skipped,,,,,skipped,,,,backtest-campaigns/es_prior_session_level_breakout_continuation/morning_prior_low_breakout_short/ES/tp_min_rr_rescue1/limited_core_grid_test/fixed_config_core_trade_log.csv
es_prior_value_area_orderflow_acceptance,morning_signed_vah_acceptance_long,ES,5m,tp_min_rr_rescue1,FAIL,False,walk_forward_analysis,failed,walk_forward_analysis failed: summary.early_exit=True expected {'equals': False}; stitched_oos_metrics.profit_factor=1.0097187453983214 expected {'min': 1.2}; stitched_oos_metrics.mar=0.05524115840597269 expected {'min': 0.4},campaigns/es_prior_value_area_orderflow_acceptance/rescue_attempts/tp_min_rr_floor_rescue_1/morning_signed_vah_acceptance_long/config.yaml,backtest-campaigns/es_prior_value_area_orderflow_acceptance/morning_signed_vah_acceptance_long/ES/tp_min_rr_rescue1/effective_config.yaml,backtest-campaigns/es_prior_value_area_orderflow_acceptance/morning_signed_vah_acceptance_long/ES/tp_min_rr_rescue1,es_sierra_trade_orderflow_1m_20101214_20260610_full_rth_ny,passed,54,54,33,0.6111111111111112,42,0.7777777777777778,0,3232.5,1.2485104747261195,1.200971790240586,82.48145221011495,126,,passed,failed,165.0,1.0097187453983214,0.05524115840597269,84.06830143074343,skipped,,,,backtest-campaigns/es_prior_value_area_orderflow_acceptance/morning_signed_vah_acceptance_long/ES/tp_min_rr_rescue1/limited_core_grid_test/fixed_config_core_trade_log.csv
es_prior_value_area_orderflow_rejection,late_morning_signed_two_sided_rejection,ES,5m,tp_min_rr_rescue1,FAIL,False,limited_core_grid_test,failed,limited_core_grid_test failed: summary.percentage_profitable_iterations=0.0 expected {'min': 0.7},campaigns/es_prior_value_area_orderflow_rejection/rescue_attempts/tp_min_rr_floor_rescue_1/late_morning_signed_two_sided_rejection/config.yaml,backtest-campaigns/es_prior_value_area_orderflow_rejection/late_morning_signed_two_sided_rejection/ES/tp_min_rr_rescue1/effective_config.yaml,backtest-campaigns/es_prior_value_area_orderflow_rejection/late_morning_signed_two_sided_rejection/ES/tp_min_rr_rescue1,es_sierra_trade_orderflow_1m_20101214_20260610_full_rth_ny,failed,27,27,0,0.0,0,0.0,0,-1477.5,0.7694108466640656,-0.3515253577867192,60.7721399463274,93,min_total_net_profit,skipped,skipped,,,,,skipped,,,,backtest-campaigns/es_prior_value_area_orderflow_rejection/late_morning_signed_two_sided_rejection/ES/tp_min_rr_rescue1/limited_core_grid_test/fixed_config_core_trade_log.csv
es_quarterly_expiration_pressure,monday_prior_roll_week_long_1000,ES,1m,tp_min_rr_rescue1,FAIL,False,limited_core_grid_test,failed,limited_core_grid_test failed: summary.percentage_profitable_iterations=0.0 expected {'min': 0.7},campaigns/es_quarterly_expiration_pressure/rescue_attempts/tp_min_rr_floor_rescue_1/monday_prior_roll_week_long_1000/config.yaml,backtest-campaigns/es_quarterly_expiration_pressure/monday_prior_roll_week_long_1000/ES/tp_min_rr_rescue1/effective_config.yaml,backtest-campaigns/es_quarterly_expiration_pressure/monday_prior_roll_week_long_1000/ES/tp_min_rr_rescue1,es_sierra_trade_orderflow_1m_20101214_20260610_full_rth_ny,failed,9,9,0,0.0,0,0.0,0,-387.5,0.17553191489361702,-0.8272925375458833,5.017151186083692,5,min_total_net_profit;preferred_min_total_trades,skipped,skipped,,,,,skipped,,,,backtest-campaigns/es_quarterly_expiration_pressure/monday_prior_roll_week_long_1000/ES/tp_min_rr_rescue1/limited_core_grid_test/fixed_config_core_trade_log.csv
es_range_compression_orderflow_breakout,nr4_or30_large10_flow_breakout_1400,ES,5m,tp_min_rr_rescue1,FAIL,False,limited_core_grid_test,failed,limited_core_grid_test failed: summary.percentage_profitable_iterations=0.0 expected {'min': 0.7},campaigns/es_range_compression_orderflow_breakout/rescue_attempts/tp_min_rr_floor_rescue_1/nr4_or30_large10_flow_breakout_1400/config.yaml,backtest-campaigns/es_range_compression_orderflow_breakout/nr4_or30_large10_flow_breakout_1400/ES/tp_min_rr_rescue1/effective_config.yaml,backtest-campaigns/es_range_compression_orderflow_breakout/nr4_or30_large10_flow_breakout_1400/ES/tp_min_rr_rescue1,es_sierra_trade_orderflow_1m_20101214_20260610_full_rth_ny,failed,27,27,0,0.0,0,0.0,0,-1507.5,0.8849016987974805,-0.33805745235915496,69.43454473908021,104,min_total_net_profit,skipped,skipped,,,,,skipped,,,,backtest-campaigns/es_range_compression_orderflow_breakout/nr4_or30_large10_flow_breakout_1400/ES/tp_min_rr_rescue1/limited_core_grid_test/fixed_config_core_trade_log.csv
es_realized_jump_variation_premium,positive_jump_reversal_short_1200,ES,1m,tp_min_rr_rescue1,FAIL,False,limited_core_grid_test,failed,limited_core_grid_test failed: summary.percentage_profitable_iterations=0.1111111111111111 expected {'min': 0.7},campaigns/es_realized_jump_variation_premium/rescue_attempts/tp_min_rr_floor_rescue_1/positive_jump_reversal_short_1200/config.yaml,backtest-campaigns/es_realized_jump_variation_premium/positive_jump_reversal_short_1200/ES/tp_min_rr_rescue1/effective_config.yaml,backtest-campaigns/es_realized_jump_variation_premium/positive_jump_reversal_short_1200/ES/tp_min_rr_rescue1,es_sierra_trade_orderflow_1m_20101214_20260610_full_rth_ny,failed,36,36,0,0.0,4,0.1111111111111111,0,2304.375,1.3012254901960785,1.8622085051081547,56.97383494779134,66,preferred_min_total_trades,skipped,skipped,,,,,skipped,,,,backtest-campaigns/es_realized_jump_variation_premium/positive_jump_reversal_short_1200/ES/tp_min_rr_rescue1/limited_core_grid_test/fixed_config_core_trade_log.csv
es_realized_semivariance_asymmetry,high_goodvol_fade_short_1200,ES,1m,tp_min_rr_rescue1,FAIL,False,limited_core_grid_test,failed,limited_core_grid_test failed: summary.percentage_profitable_iterations=0.4444444444444444 expected {'min': 0.7},campaigns/es_realized_semivariance_asymmetry/rescue_attempts/tp_min_rr_floor_rescue_1/high_goodvol_fade_short_1200/config.yaml,backtest-campaigns/es_realized_semivariance_asymmetry/high_goodvol_fade_short_1200/ES/tp_min_rr_rescue1/effective_config.yaml,backtest-campaigns/es_realized_semivariance_asymmetry/high_goodvol_fade_short_1200/ES/tp_min_rr_rescue1,es_sierra_trade_orderflow_1m_20101214_20260610_full_rth_ny,failed,18,18,5,0.2777777777777778,8,0.4444444444444444,0,2810.0,1.373794479547722,3.373180302887997,133.72474624005008,78,,skipped,skipped,,,,,skipped,,,,backtest-campaigns/es_realized_semivariance_asymmetry/high_goodvol_fade_short_1200/ES/tp_min_rr_rescue1/limited_core_grid_test/fixed_config_core_trade_log.csv
es_realized_skewness_reversal,low_1d_skew_open_long_1000,ES,1m,tp_min_rr_rescue1,FAIL,False,limited_core_grid_test,failed,limited_core_grid_test failed: summary.percentage_profitable_iterations=0.0 expected {'min': 0.7},campaigns/es_realized_skewness_reversal/rescue_attempts/tp_min_rr_floor_rescue_1/low_1d_skew_open_long_1000/config.yaml,backtest-campaigns/es_realized_skewness_reversal/low_1d_skew_open_long_1000/ES/tp_min_rr_rescue1/effective_config.yaml,backtest-campaigns/es_realized_skewness_reversal/low_1d_skew_open_long_1000/ES/tp_min_rr_rescue1,es_sierra_trade_orderflow_1m_20101214_20260610_full_rth_ny,failed,18,18,0,0.0,0,0.0,0,-3112.5,0.7792944513384151,-0.5984216692232412,70.78374057266517,100,min_total_net_profit,skipped,skipped,,,,,skipped,,,,backtest-campaigns/es_realized_skewness_reversal/low_1d_skew_open_long_1000/ES/tp_min_rr_rescue1/limited_core_grid_test/fixed_config_core_trade_log.csv
es_rolling_range_orderflow_sweep_reversal,afternoon_signed_24bar_sweep_reclaim_1500,ES,5m,tp_min_rr_rescue1,FAIL,False,limited_core_grid_test,failed,limited_core_grid_test failed: summary.percentage_profitable_iterations=0.0 expected {'min': 0.7},campaigns/es_rolling_range_orderflow_sweep_reversal/rescue_attempts/tp_min_rr_floor_rescue_1/afternoon_signed_24bar_sweep_reclaim_1500/config.yaml,backtest-campaigns/es_rolling_range_orderflow_sweep_reversal/afternoon_signed_24bar_sweep_reclaim_1500/ES/tp_min_rr_rescue1/effective_config.yaml,backtest-campaigns/es_rolling_range_orderflow_sweep_reversal/afternoon_signed_24bar_sweep_reclaim_1500/ES/tp_min_rr_rescue1,es_sierra_trade_orderflow_1m_20101214_20260610_full_rth_ny,failed,54,54,0,0.0,0,0.0,0,-5941.25,0.5851082402234636,-0.6449756845818734,148.0612866222291,227,min_total_net_profit;max_consecutive_losses,skipped,skipped,,,,,skipped,,,,backtest-campaigns/es_rolling_range_orderflow_sweep_reversal/afternoon_signed_24bar_sweep_reclaim_1500/ES/tp_min_rr_rescue1/limited_core_grid_test/fixed_config_core_trade_log.csv
es_rolling_stat_envelope_orderflow_reversion,all_day_1m_signed_30bar_reversion_1530,ES,1m,tp_min_rr_rescue1,FAIL,False,limited_core_grid_test,failed,limited_core_grid_test failed: summary.percentage_profitable_iterations=0.0 expected {'min': 0.7},campaigns/es_rolling_stat_envelope_orderflow_reversion/rescue_attempts/tp_min_rr_floor_rescue_1/all_day_1m_signed_30bar_reversion_1530/config.yaml,backtest-campaigns/es_rolling_stat_envelope_orderflow_reversion/all_day_1m_signed_30bar_reversion_1530/ES/tp_min_rr_rescue1/effective_config.yaml,backtest-campaigns/es_rolling_stat_envelope_orderflow_reversion/all_day_1m_signed_30bar_reversion_1530/ES/tp_min_rr_rescue1,es_sierra_trade_orderflow_1m_20101214_20260610_full_rth_ny,failed,54,54,0,0.0,0,0.0,0,-9395.0,0.5360493827160494,-0.6543564402772724,243.08504867038465,374,min_total_net_profit;max_consecutive_losses,skipped,skipped,,,,,skipped,,,,backtest-campaigns/es_rolling_stat_envelope_orderflow_reversion/all_day_1m_signed_30bar_reversion_1530/ES/tp_min_rr_rescue1/limited_core_grid_test/fixed_config_core_trade_log.csv
es_semivariance_orderflow_confirmation,badvol_signed_multitime_twosided,ES,5m,tp_min_rr_rescue1,FAIL,False,walk_forward_analysis,failed,walk_forward_analysis failed: summary.early_exit=True expected {'equals': False}; stitched_oos_metrics.profit_factor=0.5956962025316456 expected {'min': 1.2}; stitched_oos_metrics.mar=-0.9333625893824896 expected {'min': 0.4},campaigns/es_semivariance_orderflow_confirmation/rescue_attempts/tp_min_rr_floor_rescue_1/badvol_signed_multitime_twosided/config.yaml,backtest-campaigns/es_semivariance_orderflow_confirmation/badvol_signed_multitime_twosided/ES/tp_min_rr_rescue1/effective_config.yaml,backtest-campaigns/es_semivariance_orderflow_confirmation/badvol_signed_multitime_twosided/ES/tp_min_rr_rescue1,es_sierra_trade_orderflow_1m_20101214_20260610_full_rth_ny,passed,18,18,10,0.5555555555555556,13,0.7222222222222222,0,3612.5,1.2022110271480548,1.2801759948739415,130.18376425728331,185,,passed,failed,-7985.0,0.5956962025316456,-0.9333625893824896,119.29420659306574,skipped,,,,backtest-campaigns/es_semivariance_orderflow_confirmation/badvol_signed_multitime_twosided/ES/tp_min_rr_rescue1/limited_core_grid_test/fixed_config_core_trade_log.csv
es_session_extreme_delta_divergence,morning_high_delta_divergence_short,ES,1m,tp_min_rr_rescue1,FAIL,False,limited_core_grid_test,failed,limited_core_grid_test failed: summary.percentage_profitable_iterations=0.08333333333333333 expected {'min': 0.7},campaigns/es_session_extreme_delta_divergence/rescue_attempts/tp_min_rr_floor_rescue_1/morning_high_delta_divergence_short/config.yaml,backtest-campaigns/es_session_extreme_delta_divergence/morning_high_delta_divergence_short/ES/tp_min_rr_rescue1/effective_config.yaml,backtest-campaigns/es_session_extreme_delta_divergence/morning_high_delta_divergence_short/ES/tp_min_rr_rescue1,es_sierra_trade_orderflow_1m_20101214_20260610_full_rth_ny,failed,12,12,0,0.0,1,0.08333333333333333,0,615.0,1.025030525030525,0.11056282424900302,111.78525002594911,172,max_best_day_concentration,skipped,skipped,,,,,skipped,,,,backtest-campaigns/es_session_extreme_delta_divergence/morning_high_delta_divergence_short/ES/tp_min_rr_rescue1/limited_core_grid_test/fixed_config_core_trade_log.csv
es_session_open_orderflow_reclaim,morning_down_open_reclaim_long,ES,1m,tp_min_rr_rescue1,FAIL,False,limited_core_grid_test,failed,limited_core_grid_test failed: summary.percentage_profitable_iterations=0.037037037037037035 expected {'min': 0.7},campaigns/es_session_open_orderflow_reclaim/rescue_attempts/tp_min_rr_floor_rescue_1/morning_down_open_reclaim_long/config.yaml,backtest-campaigns/es_session_open_orderflow_reclaim/morning_down_open_reclaim_long/ES/tp_min_rr_rescue1/effective_config.yaml,backtest-campaigns/es_session_open_orderflow_reclaim/morning_down_open_reclaim_long/ES/tp_min_rr_rescue1,es_sierra_trade_orderflow_1m_20101214_20260610_full_rth_ny,failed,27,27,0,0.0,1,0.037037037037037035,0,50.0,1.0062034739454093,0.02431209494058879,74.87188247352238,115,max_best_day_concentration,skipped,skipped,,,,,skipped,,,,backtest-campaigns/es_session_open_orderflow_reclaim/morning_down_open_reclaim_long/ES/tp_min_rr_rescue1/limited_core_grid_test/fixed_config_core_trade_log.csv
es_signed_orderflow_persistence,midday_30m_signed_flow_continuation_1230,ES,1m,tp_min_rr_rescue1,FAIL,False,limited_core_grid_test,failed,limited_core_grid_test failed: summary.percentage_profitable_iterations=0.0 expected {'min': 0.7},campaigns/es_signed_orderflow_persistence/rescue_attempts/tp_min_rr_floor_rescue_1/midday_30m_signed_flow_continuation_1230/config.yaml,backtest-campaigns/es_signed_orderflow_persistence/midday_30m_signed_flow_continuation_1230/ES/tp_min_rr_rescue1/effective_config.yaml,backtest-campaigns/es_signed_orderflow_persistence/midday_30m_signed_flow_continuation_1230/ES/tp_min_rr_rescue1,es_sierra_trade_orderflow_1m_20101214_20260610_full_rth_ny,failed,81,81,0,0.0,0,0.0,0,-2367.5,0.8439611138573077,-0.4308472057467216,118.04962612998028,181,min_total_net_profit;max_consecutive_losses,skipped,skipped,,,,,skipped,,,,backtest-campaigns/es_signed_orderflow_persistence/midday_30m_signed_flow_continuation_1230/ES/tp_min_rr_rescue1/limited_core_grid_test/fixed_config_core_trade_log.csv
es_spx_0dte_orderflow_continuation,late_morning_large20_flow_continuation_1030,ES,1m,tp_min_rr_rescue1,FAIL,False,limited_core_grid_test,failed,limited_core_grid_test failed: summary.percentage_profitable_iterations=0.07407407407407407 expected {'min': 0.7},campaigns/es_spx_0dte_orderflow_continuation/rescue_attempts/tp_min_rr_floor_rescue_1/late_morning_large20_flow_continuation_1030/config.yaml,backtest-campaigns/es_spx_0dte_orderflow_continuation/late_morning_large20_flow_continuation_1030/ES/tp_min_rr_rescue1/effective_config.yaml,backtest-campaigns/es_spx_0dte_orderflow_continuation/late_morning_large20_flow_continuation_1030/ES/tp_min_rr_rescue1,es_sierra_trade_orderflow_1m_20101214_20260610_full_rth_ny,failed,54,54,0,0.0,4,0.07407407407407407,0,502.5,1.058008658008658,0.24047755136976448,68.92102483864659,67,max_best_day_concentration,skipped,skipped,,,,,skipped,,,,backtest-campaigns/es_spx_0dte_orderflow_continuation/late_morning_large20_flow_continuation_1030/ES/tp_min_rr_rescue1/limited_core_grid_test/fixed_config_core_trade_log.csv
es_spx_0dte_trend_aligned_pressure,all_0dte_trend_continuation_1400,ES,1m,tp_min_rr_rescue1,FAIL,False,limited_core_grid_test,failed,limited_core_grid_test failed: summary.percentage_profitable_iterations=0.0 expected {'min': 0.7},campaigns/es_spx_0dte_trend_aligned_pressure/rescue_attempts/tp_min_rr_floor_rescue_1/all_0dte_trend_continuation_1400/config.yaml,backtest-campaigns/es_spx_0dte_trend_aligned_pressure/all_0dte_trend_continuation_1400/ES/tp_min_rr_rescue1/effective_config.yaml,backtest-campaigns/es_spx_0dte_trend_aligned_pressure/all_0dte_trend_continuation_1400/ES/tp_min_rr_rescue1,es_sierra_trade_orderflow_1m_20101214_20260610_full_rth_ny,failed,12,12,0,0.0,0,0.0,0,-725.0,0.7366030881017257,-0.42269697872207157,36.313316421337525,35,min_total_net_profit;min_trades_per_year;preferred_min_total_trades,skipped,skipped,,,,,skipped,,,,backtest-campaigns/es_spx_0dte_trend_aligned_pressure/all_0dte_trend_continuation_1400/ES/tp_min_rr_rescue1/limited_core_grid_test/fixed_config_core_trade_log.csv
es_term_structure_lead_lag_feedback,afternoon_confirmed_spread_feedback_1400,ES,1m,tp_min_rr_rescue1,FAIL,False,limited_core_grid_test,failed,limited_core_grid_test failed: summary.percentage_profitable_iterations=0.0 expected {'min': 0.7},campaigns/es_term_structure_lead_lag_feedback/rescue_attempts/tp_min_rr_floor_rescue_1/afternoon_confirmed_spread_feedback_1400/config.yaml,backtest-campaigns/es_term_structure_lead_lag_feedback/afternoon_confirmed_spread_feedback_1400/ES/tp_min_rr_rescue1/effective_config.yaml,backtest-campaigns/es_term_structure_lead_lag_feedback/afternoon_confirmed_spread_feedback_1400/ES/tp_min_rr_rescue1,es_term_structure_lead_lag_1m_20110311_20260316_full_rth_ny,failed,54,54,0,0.0,0,0.0,0,-100.0,0.6039603960396039,-0.6153142191219624,4.922488310540916,5,min_total_net_profit;min_trades_per_year;preferred_min_total_trades,skipped,skipped,,,,,skipped,,,,backtest-campaigns/es_term_structure_lead_lag_feedback/afternoon_confirmed_spread_feedback_1400/ES/tp_min_rr_rescue1/limited_core_grid_test/fixed_config_core_trade_log.csv
es_trade_fragmentation_liquidity_reversion,morning_15m_fragmented_up_fade_short,ES,1m,tp_min_rr_rescue1,FAIL,False,limited_core_grid_test,failed,limited_core_grid_test failed: summary.percentage_profitable_iterations=0.0 expected {'min': 0.7},campaigns/es_trade_fragmentation_liquidity_reversion/rescue_attempts/tp_min_rr_floor_rescue_1/morning_15m_fragmented_up_fade_short/config.yaml,backtest-campaigns/es_trade_fragmentation_liquidity_reversion/morning_15m_fragmented_up_fade_short/ES/tp_min_rr_rescue1/effective_config.yaml,backtest-campaigns/es_trade_fragmentation_liquidity_reversion/morning_15m_fragmented_up_fade_short/ES/tp_min_rr_rescue1,es_sierra_trade_orderflow_1m_20101214_20260610_full_rth_ny,failed,54,54,0,0.0,0,0.0,0,-2349.375,0.6975378178307049,-0.5263200770730906,67.06638688232346,103,min_total_net_profit,skipped,skipped,,,,,skipped,,,,backtest-campaigns/es_trade_fragmentation_liquidity_reversion/morning_15m_fragmented_up_fade_short/ES/tp_min_rr_rescue1/limited_core_grid_test/fixed_config_core_trade_log.csv
es_trade_size_stealth_orderflow,large20_loose_short_1030,ES,1m,tp_min_rr_rescue1,FAIL,False,limited_core_grid_test,failed,limited_core_grid_test failed: summary.percentage_profitable_iterations=0.09259259259259259 expected {'min': 0.7},campaigns/es_trade_size_stealth_orderflow/rescue_attempts/tp_min_rr_floor_rescue_1/large20_loose_short_1030/config.yaml,backtest-campaigns/es_trade_size_stealth_orderflow/large20_loose_short_1030/ES/tp_min_rr_rescue1/effective_config.yaml,backtest-campaigns/es_trade_size_stealth_orderflow/large20_loose_short_1030/ES/tp_min_rr_rescue1,es_sierra_trade_orderflow_1m_20101214_20260610_full_rth_ny,failed,54,54,2,0.037037037037037035,5,0.09259259259259259,0,742.5,1.0998655010087424,0.3504311410898475,74.75633520973986,114,,skipped,skipped,,,,,skipped,,,,backtest-campaigns/es_trade_size_stealth_orderflow/large20_loose_short_1030/ES/tp_min_rr_rescue1/limited_core_grid_test/fixed_config_core_trade_log.csv
es_treasury_auction_pressure,all_coupon_late_reversal_long_1430,ES,1m,tp_min_rr_rescue1,FAIL,False,limited_core_grid_test,failed,limited_core_grid_test failed: summary.total_combinations_tested=3 expected {'valid_parameter_combination_count': '1 fixed combo or 8-120 tunable combos'}; summary.percentage_profitable_iterations=0.0 expected {'min': 0.7},campaigns/es_treasury_auction_pressure/rescue_attempts/tp_min_rr_floor_rescue_1/all_coupon_late_reversal_long_1430/config.yaml,backtest-campaigns/es_treasury_auction_pressure/all_coupon_late_reversal_long_1430/ES/tp_min_rr_rescue1/effective_config.yaml,backtest-campaigns/es_treasury_auction_pressure/all_coupon_late_reversal_long_1430/ES/tp_min_rr_rescue1,es_sierra_trade_orderflow_1m_20101214_20260610_full_rth_ny,failed,3,3,0,0.0,0,0.0,0,-1452.5,0.8467827004219409,-0.3959542853739125,80.94476524132754,123,min_total_net_profit,skipped,skipped,,,,,skipped,,,,backtest-campaigns/es_treasury_auction_pressure/all_coupon_late_reversal_long_1430/ES/tp_min_rr_rescue1/limited_core_grid_test/fixed_config_core_trade_log.csv
es_treasury_rate_shock_intraday,rate_up_short_1000,ES,1m,tp_min_rr_rescue1,FAIL,False,limited_core_grid_test,failed,limited_core_grid_test failed: summary.percentage_profitable_iterations=0.0 expected {'min': 0.7},campaigns/es_treasury_rate_shock_intraday/rescue_attempts/tp_min_rr_floor_rescue_1/rate_up_short_1000/config.yaml,backtest-campaigns/es_treasury_rate_shock_intraday/rate_up_short_1000/ES/tp_min_rr_rescue1/effective_config.yaml,backtest-campaigns/es_treasury_rate_shock_intraday/rate_up_short_1000/ES/tp_min_rr_rescue1,es_sierra_trade_orderflow_1m_20101214_20260610_full_rth_ny,failed,18,18,0,0.0,0,0.0,0,-3445.0,0.6499872999745999,-0.6577564807062457,108.37846770168635,154,min_total_net_profit,skipped,skipped,,,,,skipped,,,,backtest-campaigns/es_treasury_rate_shock_intraday/rate_up_short_1000/ES/tp_min_rr_rescue1/limited_core_grid_test/fixed_config_core_trade_log.csv
es_trend_aligned_orderflow_continuation,late_day_30_60_large10_trend_flow_1430,ES,5m,tp_min_rr_rescue1,FAIL,False,limited_core_grid_test,failed,limited_core_grid_test failed: summary.percentage_profitable_iterations=0.0 expected {'min': 0.7},campaigns/es_trend_aligned_orderflow_continuation/rescue_attempts/tp_min_rr_floor_rescue_1/late_day_30_60_large10_trend_flow_1430/config.yaml,backtest-campaigns/es_trend_aligned_orderflow_continuation/late_day_30_60_large10_trend_flow_1430/ES/tp_min_rr_rescue1/effective_config.yaml,backtest-campaigns/es_trend_aligned_orderflow_continuation/late_day_30_60_large10_trend_flow_1430/ES/tp_min_rr_rescue1,es_sierra_trade_orderflow_1m_20101214_20260610_full_rth_ny,failed,24,24,0,0.0,0,0.0,0,-220.0,0.9666919000757003,-0.09363642207897355,48.87459580960513,74,min_total_net_profit;min_trades_per_year;preferred_min_total_trades,skipped,skipped,,,,,skipped,,,,backtest-campaigns/es_trend_aligned_orderflow_continuation/late_day_30_60_large10_trend_flow_1430/ES/tp_min_rr_rescue1/limited_core_grid_test/fixed_config_core_trade_log.csv
es_trend_filtered_prior_session_breakout_orderflow,all_day_signed_high_volume_trend_hold_two_sided,ES,5m,tp_min_rr_rescue1,FAIL,False,limited_core_grid_test,failed,limited_core_grid_test failed: summary.percentage_profitable_iterations=0.0 expected {'min': 0.7},campaigns/es_trend_filtered_prior_session_breakout_orderflow/rescue_attempts/tp_min_rr_floor_rescue_1/all_day_signed_high_volume_trend_hold_two_sided/config.yaml,backtest-campaigns/es_trend_filtered_prior_session_breakout_orderflow/all_day_signed_high_volume_trend_hold_two_sided/ES/tp_min_rr_rescue1/effective_config.yaml,backtest-campaigns/es_trend_filtered_prior_session_breakout_orderflow/all_day_signed_high_volume_trend_hold_two_sided/ES/tp_min_rr_rescue1,es_sierra_trade_orderflow_1m_20101214_20260610_full_rth_ny,failed,54,54,0,0.0,0,0.0,0,-5550.0,0.6808969383354895,-0.5705772609646735,156.00467159779768,240,min_total_net_profit,skipped,skipped,,,,,skipped,,,,backtest-campaigns/es_trend_filtered_prior_session_breakout_orderflow/all_day_signed_high_volume_trend_hold_two_sided/ES/tp_min_rr_rescue1/limited_core_grid_test/fixed_config_core_trade_log.csv
es_trend_filtered_prior_value_area_acceptance_orderflow,afternoon_large20_two_sided_trend_acceptance,ES,5m,tp_min_rr_rescue1,FAIL,False,limited_core_grid_test,failed,limited_core_grid_test failed: summary.percentage_profitable_iterations=0.0 expected {'min': 0.7},campaigns/es_trend_filtered_prior_value_area_acceptance_orderflow/rescue_attempts/tp_min_rr_floor_rescue_1/afternoon_large20_two_sided_trend_acceptance/config.yaml,backtest-campaigns/es_trend_filtered_prior_value_area_acceptance_orderflow/afternoon_large20_two_sided_trend_acceptance/ES/tp_min_rr_rescue1/effective_config.yaml,backtest-campaigns/es_trend_filtered_prior_value_area_acceptance_orderflow/afternoon_large20_two_sided_trend_acceptance/ES/tp_min_rr_rescue1,es_sierra_trade_orderflow_1m_20101214_20260610_full_rth_ny,failed,54,54,0,0.0,0,0.0,0,-3787.5,0.8378291586384072,-0.59096990858714,130.4302541847489,200,min_total_net_profit,skipped,skipped,,,,,skipped,,,,backtest-campaigns/es_trend_filtered_prior_value_area_acceptance_orderflow/afternoon_large20_two_sided_trend_acceptance/ES/tp_min_rr_rescue1/limited_core_grid_test/fixed_config_core_trade_log.csv
es_trend_orderflow_prior_day_stop_reclaim,late_morning_signed_two_sided_trend_absorption_1230,ES,5m,tp_min_rr_rescue1,FAIL,False,limited_core_grid_test,failed,limited_core_grid_test failed: summary.percentage_profitable_iterations=0.018518518518518517 expected {'min': 0.7},campaigns/es_trend_orderflow_prior_day_stop_reclaim/rescue_attempts/tp_min_rr_floor_rescue_1/late_morning_signed_two_sided_trend_absorption_1230/config.yaml,backtest-campaigns/es_trend_orderflow_prior_day_stop_reclaim/late_morning_signed_two_sided_trend_absorption_1230/ES/tp_min_rr_rescue1/effective_config.yaml,backtest-campaigns/es_trend_orderflow_prior_day_stop_reclaim/late_morning_signed_two_sided_trend_absorption_1230/ES/tp_min_rr_rescue1,es_sierra_trade_orderflow_1m_20101214_20260610_full_rth_ny,failed,54,54,0,0.0,1,0.018518518518518517,0,123.75,1.0504587155963303,0.05095059029019601,16.60052603892688,24,min_trades_per_year;preferred_min_total_trades;max_best_day_concentration,skipped,skipped,,,,,skipped,,,,backtest-campaigns/es_trend_orderflow_prior_day_stop_reclaim/late_morning_signed_two_sided_trend_absorption_1230/ES/tp_min_rr_rescue1/limited_core_grid_test/fixed_config_core_trade_log.csv
es_turn_of_month_seasonality,classic_turn_window_1000_long,ES,5m,tp_min_rr_rescue1,FAIL,False,limited_core_grid_test,failed,limited_core_grid_test failed: summary.percentage_profitable_iterations=0.0 expected {'min': 0.7},campaigns/es_turn_of_month_seasonality/rescue_attempts/tp_min_rr_floor_rescue_1/classic_turn_window_1000_long/config.yaml,backtest-campaigns/es_turn_of_month_seasonality/classic_turn_window_1000_long/ES/tp_min_rr_rescue1/effective_config.yaml,backtest-campaigns/es_turn_of_month_seasonality/classic_turn_window_1000_long/ES/tp_min_rr_rescue1,es_sierra_trade_orderflow_1m_20101214_20260610_full_rth_ny,failed,81,81,0,0.0,0,0.0,0,-1183.75,0.9039748529709998,-0.28424967798073053,51.428635899235935,78,min_total_net_profit,skipped,skipped,,,,,skipped,,,,backtest-campaigns/es_turn_of_month_seasonality/classic_turn_window_1000_long/ES/tp_min_rr_rescue1/limited_core_grid_test/fixed_config_core_trade_log.csv
es_turn_of_year_effect,santa_window_midday_long_1200,ES,1m,tp_min_rr_rescue1,FAIL,False,limited_core_grid_test,failed,limited_core_grid_test failed: summary.percentage_profitable_iterations=0.0 expected {'min': 0.7},campaigns/es_turn_of_year_effect/rescue_attempts/tp_min_rr_floor_rescue_1/santa_window_midday_long_1200/config.yaml,backtest-campaigns/es_turn_of_year_effect/santa_window_midday_long_1200/ES/tp_min_rr_rescue1/effective_config.yaml,backtest-campaigns/es_turn_of_year_effect/santa_window_midday_long_1200/ES/tp_min_rr_rescue1,es_sierra_trade_orderflow_1m_20101214_20260610_full_rth_ny,failed,9,9,0,0.0,0,0.0,0,-122.5,0.6573426573426573,-10.310723652230717,212.97622490889106,7,min_total_net_profit;preferred_min_total_trades,skipped,skipped,,,,,skipped,,,,backtest-campaigns/es_turn_of_year_effect/santa_window_midday_long_1200/ES/tp_min_rr_rescue1/limited_core_grid_test/fixed_config_core_trade_log.csv
es_usdjpy_safe_haven_spillover,weak_yen_long_1200,ES,1m,tp_min_rr_rescue1,FAIL,False,limited_monkey_test,failed,limited_monkey_test failed: summary.core_beats_monkey_net_profit_rate=0.84 expected {'min': 0.9},campaigns/es_usdjpy_safe_haven_spillover/rescue_attempts/tp_min_rr_floor_rescue_1/weak_yen_long_1200/config.yaml,backtest-campaigns/es_usdjpy_safe_haven_spillover/weak_yen_long_1200/ES/tp_min_rr_rescue1/effective_config.yaml,backtest-campaigns/es_usdjpy_safe_haven_spillover/weak_yen_long_1200/ES/tp_min_rr_rescue1,es_sierra_trade_orderflow_1m_20101214_20260610_full_rth_ny,passed,18,18,0,0.0,18,1.0,0,1607.5,1.3466307277628031,0.9388285453611745,44.1085709336424,61,min_trades_per_year;preferred_min_total_trades,failed,skipped,,,,,skipped,,,,backtest-campaigns/es_usdjpy_safe_haven_spillover/weak_yen_long_1200/ES/tp_min_rr_rescue1/limited_core_grid_test/fixed_config_core_trade_log.csv
es_variance_ratio_orderflow_regime,midday_low_vr_large10_reversion_1430,ES,5m,tp_min_rr_rescue1,FAIL,False,limited_core_grid_test,failed,limited_core_grid_test failed: summary.percentage_profitable_iterations=0.0 expected {'min': 0.7},campaigns/es_variance_ratio_orderflow_regime/rescue_attempts/tp_min_rr_floor_rescue_1/midday_low_vr_large10_reversion_1430/config.yaml,backtest-campaigns/es_variance_ratio_orderflow_regime/midday_low_vr_large10_reversion_1430/ES/tp_min_rr_rescue1/effective_config.yaml,backtest-campaigns/es_variance_ratio_orderflow_regime/midday_low_vr_large10_reversion_1430/ES/tp_min_rr_rescue1,es_sierra_trade_orderflow_1m_20101214_20260610_full_rth_ny,failed,81,81,0,0.0,0,0.0,0,-9519.375,0.721655701754386,-0.6572972626515813,202.7572095781748,312,min_total_net_profit;max_consecutive_losses,skipped,skipped,,,,,skipped,,,,backtest-campaigns/es_variance_ratio_orderflow_regime/midday_low_vr_large10_reversion_1430/ES/tp_min_rr_rescue1/limited_core_grid_test/fixed_config_core_trade_log.csv
es_variance_risk_premium_intraday,high_vrp_open_long_1000,ES,1m,tp_min_rr_rescue1,FAIL,False,limited_core_grid_test,failed,limited_core_grid_test failed: summary.percentage_profitable_iterations=0.0 expected {'min': 0.7},campaigns/es_variance_risk_premium_intraday/rescue_attempts/tp_min_rr_floor_rescue_1/high_vrp_open_long_1000/config.yaml,backtest-campaigns/es_variance_risk_premium_intraday/high_vrp_open_long_1000/ES/tp_min_rr_rescue1/effective_config.yaml,backtest-campaigns/es_variance_risk_premium_intraday/high_vrp_open_long_1000/ES/tp_min_rr_rescue1,es_sierra_trade_orderflow_1m_20101214_20260610_full_rth_ny,failed,18,18,0,0.0,0,0.0,0,-202.5,0.981645139360979,-0.07154598060232809,94.75099256668125,103,min_total_net_profit,skipped,skipped,,,,,skipped,,,,backtest-campaigns/es_variance_risk_premium_intraday/high_vrp_open_long_1000/ES/tp_min_rr_rescue1/limited_core_grid_test/fixed_config_core_trade_log.csv
es_vix_expiration_pressure,post_vix_settlement_next_session_long_1000,ES,1m,tp_min_rr_rescue1,FAIL,False,limited_core_grid_test,failed,limited_core_grid_test failed: summary.percentage_profitable_iterations=0.0 expected {'min': 0.7},campaigns/es_vix_expiration_pressure/rescue_attempts/tp_min_rr_floor_rescue_1/post_vix_settlement_next_session_long_1000/config.yaml,backtest-campaigns/es_vix_expiration_pressure/post_vix_settlement_next_session_long_1000/ES/tp_min_rr_rescue1/effective_config.yaml,backtest-campaigns/es_vix_expiration_pressure/post_vix_settlement_next_session_long_1000/ES/tp_min_rr_rescue1,es_sierra_trade_orderflow_1m_20101214_20260610_full_rth_ny,failed,12,12,0,0.0,0,0.0,0,-160.0,0.9337474120082816,-0.06453608548710281,11.821591712886145,17,min_total_net_profit,skipped,skipped,,,,,skipped,,,,backtest-campaigns/es_vix_expiration_pressure/post_vix_settlement_next_session_long_1000/ES/tp_min_rr_rescue1/limited_core_grid_test/fixed_config_core_trade_log.csv
es_vix_term_structure_orderflow_pullback,front_stress_large10_vwap_reject_short_1500,ES,1m,tp_min_rr_rescue1,FAIL,False,limited_core_grid_test,failed,limited_core_grid_test failed: summary.percentage_profitable_iterations=0.018518518518518517 expected {'min': 0.7},campaigns/es_vix_term_structure_orderflow_pullback/rescue_attempts/tp_min_rr_floor_rescue_1/front_stress_large10_vwap_reject_short_1500/config.yaml,backtest-campaigns/es_vix_term_structure_orderflow_pullback/front_stress_large10_vwap_reject_short_1500/ES/tp_min_rr_rescue1/effective_config.yaml,backtest-campaigns/es_vix_term_structure_orderflow_pullback/front_stress_large10_vwap_reject_short_1500/ES/tp_min_rr_rescue1,es_sierra_trade_orderflow_1m_20101214_20260610_full_rth_ny,failed,54,54,0,0.0,1,0.018518518518518517,0,115.625,1.0346441947565543,0.08225677092672974,38.28504876983549,50,min_trades_per_year;max_consecutive_losses;preferred_min_total_trades;max_best_day_concentration,skipped,skipped,,,,,skipped,,,,backtest-campaigns/es_vix_term_structure_orderflow_pullback/front_stress_large10_vwap_reject_short_1500/ES/tp_min_rr_rescue1/limited_core_grid_test/fixed_config_core_trade_log.csv
es_volatility_managed_intraday_premium,low_5d_abs_move_lunch_long_1200,ES,1m,tp_min_rr_rescue1,FAIL,False,limited_core_grid_test,failed,limited_core_grid_test failed: summary.percentage_profitable_iterations=0.0 expected {'min': 0.7},campaigns/es_volatility_managed_intraday_premium/rescue_attempts/tp_min_rr_floor_rescue_1/low_5d_abs_move_lunch_long_1200/config.yaml,backtest-campaigns/es_volatility_managed_intraday_premium/low_5d_abs_move_lunch_long_1200/ES/tp_min_rr_rescue1/effective_config.yaml,backtest-campaigns/es_volatility_managed_intraday_premium/low_5d_abs_move_lunch_long_1200/ES/tp_min_rr_rescue1,es_sierra_trade_orderflow_1m_20101214_20260610_full_rth_ny,failed,18,18,0,0.0,0,0.0,0,-525.0,0.8390804597701149,-0.5477346089086081,53.4926708958924,40,min_total_net_profit;preferred_min_total_trades,skipped,skipped,,,,,skipped,,,,backtest-campaigns/es_volatility_managed_intraday_premium/low_5d_abs_move_lunch_long_1200/ES/tp_min_rr_rescue1/limited_core_grid_test/fixed_config_core_trade_log.csv
es_volume_shock_liquidity_reversal,midday_symmetric_shock_reversion,ES,5m,tp_min_rr_rescue1,FAIL,False,limited_core_grid_test,failed,limited_core_grid_test failed: summary.percentage_profitable_iterations=0.018518518518518517 expected {'min': 0.7},campaigns/es_volume_shock_liquidity_reversal/rescue_attempts/tp_min_rr_floor_rescue_1/midday_symmetric_shock_reversion/config.yaml,backtest-campaigns/es_volume_shock_liquidity_reversal/midday_symmetric_shock_reversion/ES/tp_min_rr_rescue1/effective_config.yaml,backtest-campaigns/es_volume_shock_liquidity_reversal/midday_symmetric_shock_reversion/ES/tp_min_rr_rescue1,es_sierra_trade_orderflow_1m_20101214_20260610_full_rth_ny,failed,54,54,0,0.0,1,0.018518518518518517,0,902.5,1.2013385387618516,0.6366840929213737,25.64154187721113,37,min_trades_per_year;preferred_min_total_trades;max_best_day_concentration,skipped,skipped,,,,,skipped,,,,backtest-campaigns/es_volume_shock_liquidity_reversal/midday_symmetric_shock_reversion/ES/tp_min_rr_rescue1/limited_core_grid_test/fixed_config_core_trade_log.csv
es_vpin_toxicity_continuation,slow_bucket_toxicity_long_1330,ES,5m,tp_min_rr_rescue1,FAIL,False,walk_forward_analysis,failed,walk_forward_analysis failed: summary.early_exit=True expected {'equals': False}; stitched_oos_metrics.profit_factor=0.0 expected {'min': 1.2}; stitched_oos_metrics.mar=0.0 expected {'min': 0.4}; stitched_oos_metrics.trades_per_year=0.0 expected {'min': 50},campaigns/es_vpin_toxicity_continuation/rescue_attempts/tp_min_rr_floor_rescue_1/slow_bucket_toxicity_long_1330/config.yaml,backtest-campaigns/es_vpin_toxicity_continuation/slow_bucket_toxicity_long_1330/ES/tp_min_rr_rescue1/effective_config.yaml,backtest-campaigns/es_vpin_toxicity_continuation/slow_bucket_toxicity_long_1330/ES/tp_min_rr_rescue1,es_sierra_trade_orderflow_1m_20101214_20260610_full_rth_ny,passed,54,54,0,0.0,52,0.9629629629629629,0,2752.5,1.8210290827740492,1.6395022029971105,34.34172311826269,52,min_trades_per_year;preferred_min_total_trades,passed,failed,0.0,0.0,0.0,0.0,skipped,,,,backtest-campaigns/es_vpin_toxicity_continuation/slow_bucket_toxicity_long_1330/ES/tp_min_rr_rescue1/limited_core_grid_test/fixed_config_core_trade_log.csv
es_vvix_tail_risk_intraday,high_vvix_short_1000,ES,1m,tp_min_rr_rescue1,FAIL,False,limited_core_grid_test,failed,limited_core_grid_test failed: summary.percentage_profitable_iterations=0.0 expected {'min': 0.7},campaigns/es_vvix_tail_risk_intraday/rescue_attempts/tp_min_rr_floor_rescue_1/high_vvix_short_1000/config.yaml,backtest-campaigns/es_vvix_tail_risk_intraday/high_vvix_short_1000/ES/tp_min_rr_rescue1/effective_config.yaml,backtest-campaigns/es_vvix_tail_risk_intraday/high_vvix_short_1000/ES/tp_min_rr_rescue1,es_sierra_trade_orderflow_1m_20101214_20260610_full_rth_ny,failed,18,18,0,0.0,0,0.0,0,-1745.0,0.8904582548650345,-0.41047803938126515,121.2156004148378,154,min_total_net_profit,skipped,skipped,,,,,skipped,,,,backtest-campaigns/es_vvix_tail_risk_intraday/high_vvix_short_1000/ES/tp_min_rr_rescue1/limited_core_grid_test/fixed_config_core_trade_log.csv
es_vwap_deviation_orderflow_reversion,afternoon_signed_counterflow_1530,ES,5m,tp_min_rr_rescue1,FAIL,False,limited_core_grid_test,failed,limited_core_grid_test failed: summary.percentage_profitable_iterations=0.0 expected {'min': 0.7},campaigns/es_vwap_deviation_orderflow_reversion/rescue_attempts/tp_min_rr_floor_rescue_1/afternoon_signed_counterflow_1530/config.yaml,backtest-campaigns/es_vwap_deviation_orderflow_reversion/afternoon_signed_counterflow_1530/ES/tp_min_rr_rescue1/effective_config.yaml,backtest-campaigns/es_vwap_deviation_orderflow_reversion/afternoon_signed_counterflow_1530/ES/tp_min_rr_rescue1,es_sierra_trade_orderflow_1m_20101214_20260610_full_rth_ny,failed,27,27,0,0.0,0,0.0,0,-4445.0,0.5964593735814798,-0.5500090471511596,90.65520897271358,139,min_total_net_profit;max_consecutive_losses,skipped,skipped,,,,,skipped,,,,backtest-campaigns/es_vwap_deviation_orderflow_reversion/afternoon_signed_counterflow_1530/ES/tp_min_rr_rescue1/limited_core_grid_test/fixed_config_core_trade_log.csv
es_vwap_orderflow_pullback_continuation,midday_large20_trend_reclaim_two_sided,ES,5m,tp_min_rr_rescue1,FAIL,False,limited_core_grid_test,failed,limited_core_grid_test failed: summary.percentage_profitable_iterations=0.0 expected {'min': 0.7},campaigns/es_vwap_orderflow_pullback_continuation/rescue_attempts/tp_min_rr_floor_rescue_1/midday_large20_trend_reclaim_two_sided/config.yaml,backtest-campaigns/es_vwap_orderflow_pullback_continuation/midday_large20_trend_reclaim_two_sided/ES/tp_min_rr_rescue1/effective_config.yaml,backtest-campaigns/es_vwap_orderflow_pullback_continuation/midday_large20_trend_reclaim_two_sided/ES/tp_min_rr_rescue1,es_sierra_trade_orderflow_1m_20101214_20260610_full_rth_ny,failed,54,54,0,0.0,0,0.0,0,-1748.75,0.8235813366960908,-0.4771941794572326,52.82916576247016,81,min_total_net_profit;max_consecutive_losses,skipped,skipped,,,,,skipped,,,,backtest-campaigns/es_vwap_orderflow_pullback_continuation/midday_large20_trend_reclaim_two_sided/ES/tp_min_rr_rescue1/limited_core_grid_test/fixed_config_core_trade_log.csv
es_vwap_pullback_continuation,midday_trend_reclaim_two_sided,ES,5m,tp_min_rr_rescue1,FAIL,False,limited_core_grid_test,failed,limited_core_grid_test failed: summary.percentage_profitable_iterations=0.2777777777777778 expected {'min': 0.7},campaigns/es_vwap_pullback_continuation/rescue_attempts/tp_min_rr_floor_rescue_1/midday_trend_reclaim_two_sided/config.yaml,backtest-campaigns/es_vwap_pullback_continuation/midday_trend_reclaim_two_sided/ES/tp_min_rr_rescue1/effective_config.yaml,backtest-campaigns/es_vwap_pullback_continuation/midday_trend_reclaim_two_sided/ES/tp_min_rr_rescue1,es_sierra_trade_orderflow_1m_20101214_20260610_full_rth_ny,failed,54,54,0,0.0,15,0.2777777777777778,0,3238.75,1.552216538789429,2.980791890941955,45.09284609978918,61,min_trades_per_year;preferred_min_total_trades,skipped,skipped,,,,,skipped,,,,backtest-campaigns/es_vwap_pullback_continuation/midday_trend_reclaim_two_sided/ES/tp_min_rr_rescue1/limited_core_grid_test/fixed_config_core_trade_log.csv
es_wide_range_orderflow_continuation,midday_large10_range_expansion_twosided,ES,5m,tp_min_rr_rescue1,FAIL,False,limited_core_grid_test,failed,limited_core_grid_test failed: summary.percentage_profitable_iterations=0.0 expected {'min': 0.7},campaigns/es_wide_range_orderflow_continuation/rescue_attempts/tp_min_rr_floor_rescue_1/midday_large10_range_expansion_twosided/config.yaml,backtest-campaigns/es_wide_range_orderflow_continuation/midday_large10_range_expansion_twosided/ES/tp_min_rr_rescue1/effective_config.yaml,backtest-campaigns/es_wide_range_orderflow_continuation/midday_large10_range_expansion_twosided/ES/tp_min_rr_rescue1,es_sierra_trade_orderflow_1m_20101214_20260610_full_rth_ny,failed,54,54,0,0.0,0,0.0,0,-1951.25,0.9155394437831403,-0.32050884501333987,107.74839640494912,164,min_total_net_profit,skipped,skipped,,,,,skipped,,,,backtest-campaigns/es_wide_range_orderflow_continuation/midday_large10_range_expansion_twosided/ES/tp_min_rr_rescue1/limited_core_grid_test/fixed_config_core_trade_log.csv
