n,net,pf,cagr,mar,max_dd,max_dd_pct,worst_day,positive_month_rate,expectancy_ticks,early_net,mid_net,late_net,holdout_net,combo_id,legs,families,all_splits_positive,gate_count,loose,acceptance_shaped,score
1088,156047.5,1.7588105860756877,0.04784569529002236,1.2148716535765305,5907.5,0.03938333333333333,-3742.5,0.5909090909090909,13.874080882352942,2685.0,11250.0,87072.5,55040.0,volume::flow_no_price_follow:13:30:w15:h120:source_avg_trade_size_rank63>=0.8:source_large20_imbalance0.1:both|volume::flow_cont:10:00:w30:h180:source_trades_rank63>=0.8:source_large20_imbalance0.1:short|volume::vwap_stretch_fade:10:00:w30:h180:source_volume_rank63>=0.8:source_large20_imbalance0.1:short|volume::flow_cont:14:30:w60:h60:source_trades_rank63>=0.9:source_large20_imbalance0.1:both|volume::flow_cont:13:30:w60:h120:source_volume_rank63>=0.9:source_large20_imbalance0.1:long|participation::large20_composition_cont_0.1:10:30:w30:h120:short|volume::flow_cont:15:00:w60:h60:source_avg_trade_size_rank63>=0.8:source_large20_imbalance0.1:long,7,"participation,volume",True,8,True,True,20.68936859757214
1029,157080.0,1.8037146475306036,0.048077016853478094,1.0664033313155954,6762.5,0.045083333333333336,-3742.5,0.5852272727272727,14.612244897959183,2032.5,15620.0,88672.5,50755.0,volume::flow_no_price_follow:13:30:w15:h120:source_avg_trade_size_rank63>=0.8:source_large20_imbalance0.1:both|volume::flow_cont:10:00:w30:h180:source_trades_rank63>=0.8:source_large20_imbalance0.1:short|volume::vwap_stretch_fade:10:00:w30:h180:source_volume_rank63>=0.8:source_large20_imbalance0.1:short|volume::flow_cont:14:30:w60:h60:source_trades_rank63>=0.9:source_large20_imbalance0.1:both|volume::flow_cont:13:30:w60:h120:source_volume_rank63>=0.9:source_large20_imbalance0.1:long|participation::large20_composition_cont_0.1:10:30:w60:h120:short|volume::flow_cont:15:00:w60:h60:source_avg_trade_size_rank63>=0.8:source_large20_imbalance0.1:long,7,"participation,volume",True,8,True,True,20.563914128424265
1092,154727.5,1.7451629603766088,0.047548897712049065,1.207335532256853,5907.5,0.03938333333333333,-3742.5,0.5909090909090909,13.735347985347985,1880.0,12895.0,85622.5,54330.0,volume::flow_no_price_follow:13:30:w15:h120:source_avg_trade_size_rank63>=0.8:source_large20_imbalance0.1:both|volume::flow_cont:10:00:w30:h180:source_trades_rank63>=0.8:source_large20_imbalance0.1:short|volume::vwap_stretch_fade:10:00:w30:h180:source_volume_rank63>=0.8:source_large20_imbalance0.1:short|volume::flow_cont:14:30:w60:h60:source_trades_rank63>=0.9:source_large20_imbalance0.1:both|volume::flow_cont:13:30:w60:h120:source_trades_rank63>=0.9:source_large20_imbalance0.1:long|participation::large20_composition_cont_0.1:10:30:w30:h120:short|volume::flow_cont:15:00:w60:h60:source_avg_trade_size_rank63>=0.8:source_large20_imbalance0.1:long,7,"participation,volume",True,8,True,True,20.536918123602103
1112,157065.0,1.7614626637739828,0.048073661455656724,1.0663289047465447,6762.5,0.045083333333333336,-3742.5,0.5730337078651685,13.699640287769784,1462.5,14092.5,88795.0,52715.0,volume::flow_no_price_follow:13:30:w15:h120:source_avg_trade_size_rank63>=0.8:source_large20_imbalance0.1:both|volume::flow_cont:10:00:w30:h180:source_trades_rank63>=0.8:source_large20_imbalance0.1:short|volume::vwap_stretch_fade:10:00:w30:h180:source_volume_rank63>=0.8:source_large20_imbalance0.1:short|volume::flow_cont:14:30:w60:h60:source_trades_rank63>=0.9:source_large20_imbalance0.1:both|volume::flow_cont:13:30:w60:h120:source_volume_rank63>=0.9:source_large20_imbalance0.1:long|participation::large20_composition_cont_0.05:10:30:w60:h120:short|volume::flow_cont:15:00:w60:h60:source_avg_trade_size_rank63>=0.8:source_large20_imbalance0.1:long,7,"participation,volume",True,8,True,True,20.53558777210897
1112,157640.0,1.8641714747762688,0.04820217557221129,0.9692126455538465,7460.0,0.04973333333333333,-3217.5,0.5730337078651685,13.741007194244604,50.0,12442.5,83345.0,61802.5,volume::flow_no_price_follow:13:30:w15:h120:source_avg_trade_size_rank63>=0.8:source_large20_imbalance0.1:both|volume::flow_cont:10:00:w30:h60:source_trades_rank63>=0.8:source_large20_imbalance0.1:short|volume::flow_cont:14:30:w60:h60:source_trades_rank63>=0.9:source_large20_imbalance0.1:both|volume::flow_cont:13:30:w60:h120:source_volume_rank63>=0.9:source_large20_imbalance0.1:long|volume::vwap_stretch_fade:10:00:w30:h180:source_volume_rank63>=0.8:source_large20_imbalance0.1:short|volume::flow_cont:15:00:w60:h60:source_avg_trade_size_rank63>=0.8:source_large20_imbalance0.1:long|participation::large20_composition_cont_0.05:10:30:w60:h120:short,7,"participation,volume",True,8,True,True,20.505680323918554
1006,155082.5,1.7672034233699416,0.047628836196756064,1.16404487649913,6137.5,0.040916666666666664,-3742.5,0.5875706214689266,14.732604373757455,1555.0,15482.5,85612.5,52432.5,volume::flow_no_price_follow:13:30:w15:h120:source_avg_trade_size_rank63>=0.8:source_large20_imbalance0.1:both|volume::flow_cont:10:00:w30:h180:source_trades_rank63>=0.8:source_large20_imbalance0.1:short|volume::vwap_stretch_fade:10:00:w30:h180:source_volume_rank63>=0.8:source_large20_imbalance0.1:short|volume::flow_cont:14:30:w60:h60:source_trades_rank63>=0.9:source_large20_imbalance0.1:both|volume::flow_cont:13:30:w60:h120:source_volume_rank63>=0.9:source_large20_imbalance0.1:long|participation::large20_composition_cont_0.05:10:30:w60:h120:short|volume::flow_cont:11:00:w30:h60:source_volume_rank63>=0.9:source_large20_imbalance0.1:long,7,"participation,volume",True,8,True,True,20.504111145079452
982,154065.0,1.7645146883684002,0.047399483720497626,1.2269063948360042,5795.0,0.03863333333333333,-3742.5,0.5942857142857143,14.95112016293279,2777.5,12640.0,83890.0,54757.5,volume::flow_no_price_follow:13:30:w15:h120:source_avg_trade_size_rank63>=0.8:source_large20_imbalance0.1:both|volume::flow_cont:10:00:w30:h180:source_trades_rank63>=0.8:source_large20_imbalance0.1:short|volume::vwap_stretch_fade:10:00:w30:h180:source_volume_rank63>=0.8:source_large20_imbalance0.1:short|volume::flow_cont:14:30:w60:h60:source_trades_rank63>=0.9:source_large20_imbalance0.1:both|volume::flow_cont:13:30:w60:h120:source_volume_rank63>=0.9:source_large20_imbalance0.1:long|participation::large20_composition_cont_0.1:10:30:w30:h120:short|volume::flow_cont:11:00:w30:h60:source_volume_rank63>=0.9:source_large20_imbalance0.1:long,7,"participation,volume",True,8,True,True,20.50337624056717
1022,156727.5,1.8265782395443277,0.04807760059303057,1.0243806944537763,7040.0,0.046933333333333334,-3742.5,0.5819209039548022,14.66829745596869,1895.0,15527.5,84917.5,54387.5,volume::flow_no_price_follow:13:30:w15:h120:source_avg_trade_size_rank63>=0.8:source_large20_imbalance0.1:both|volume::flow_cont:10:00:w30:h180:source_trades_rank63>=0.8:source_large20_imbalance0.1:short|volume::vwap_stretch_fade:10:00:w30:h180:source_volume_rank63>=0.8:source_large20_imbalance0.1:short|volume::flow_cont:14:30:w60:h60:source_volume_rank63>=0.9:source_large20_imbalance0.1:both|volume::flow_cont:13:30:w60:h120:source_volume_rank63>=0.9:source_large20_imbalance0.1:long|participation::large20_composition_cont_0.1:10:30:w60:h120:short|volume::flow_cont:15:00:w60:h60:source_avg_trade_size_rank63>=0.8:source_large20_imbalance0.1:long,7,"participation,volume",True,8,True,True,20.471141220521762
1049,153080.0,1.80705407863347,0.04717677278366139,1.2200889513015876,5800.0,0.03866666666666667,-3742.5,0.6312849162011173,14.074356530028599,1772.5,15847.5,87467.5,47992.5,volume::flow_no_price_follow:13:30:w15:h120:source_avg_trade_size_rank63>=0.8:source_large20_imbalance0.1:both|volume::flow_cont:10:00:w30:h180:source_trades_rank63>=0.8:source_large20_imbalance0.1:short|volume::vwap_stretch_fade:10:00:w30:h180:source_volume_rank63>=0.8:source_large20_imbalance0.1:short|volume::flow_cont:14:30:w60:h60:source_trades_rank63>=0.9:source_large20_imbalance0.1:both|volume::flow_cont:13:30:w60:h120:source_volume_rank63>=0.9:source_large20_imbalance0.1:long|participation::broad_trade_flow_cont_0.05:15:00:w15:h30:long|volume::flow_cont:15:00:w60:h60:source_avg_trade_size_rank63>=0.8:source_large20_imbalance0.1:long,7,"participation,volume",True,8,True,True,20.45311878523204
1105,156712.5,1.7818619502581885,0.048074235903404317,1.0243090036236715,7040.0,0.046933333333333334,-3742.5,0.5754189944134078,13.745701357466062,1325.0,14000.0,85040.0,56347.5,volume::flow_no_price_follow:13:30:w15:h120:source_avg_trade_size_rank63>=0.8:source_large20_imbalance0.1:both|volume::flow_cont:10:00:w30:h180:source_trades_rank63>=0.8:source_large20_imbalance0.1:short|volume::vwap_stretch_fade:10:00:w30:h180:source_volume_rank63>=0.8:source_large20_imbalance0.1:short|volume::flow_cont:14:30:w60:h60:source_volume_rank63>=0.9:source_large20_imbalance0.1:both|volume::flow_cont:13:30:w60:h120:source_volume_rank63>=0.9:source_large20_imbalance0.1:long|participation::large20_composition_cont_0.05:10:30:w60:h120:short|volume::flow_cont:15:00:w60:h60:source_avg_trade_size_rank63>=0.8:source_large20_imbalance0.1:long,7,"participation,volume",True,8,True,True,20.44045532363165
1019,153017.5,1.8140960842732496,0.04724068029002737,1.2092324306320998,5860.0,0.039066666666666666,-3742.5,0.6214689265536724,14.41315014720314,5835.0,12512.5,87467.5,47202.5,volume::flow_no_price_follow:13:30:w15:h120:source_avg_trade_size_rank63>=0.8:source_large20_imbalance0.1:both|volume::flow_cont:10:00:w30:h180:source_trades_rank63>=0.8:source_large20_imbalance0.1:short|volume::vwap_stretch_fade:10:00:w30:h180:source_volume_rank63>=0.8:source_large20_imbalance0.1:short|volume::flow_cont:14:30:w60:h60:source_volume_rank63>=0.9:source_large20_imbalance0.1:both|volume::flow_cont:13:30:w60:h120:source_volume_rank63>=0.9:source_large20_imbalance0.1:long|participation::broad_trade_flow_cont_0.1:15:00:w5:h60:short|volume::flow_cont:15:00:w60:h60:source_avg_trade_size_rank63>=0.8:source_large20_imbalance0.1:long,7,"participation,volume",True,8,True,True,20.42925676282768
1002,154177.5,1.7831834806461444,0.04750338290762435,1.160978808332978,6137.5,0.040916666666666664,-3742.5,0.5842696629213483,14.709580838323353,1225.0,15030.0,81857.5,56065.0,volume::flow_no_price_follow:13:30:w15:h120:source_avg_trade_size_rank63>=0.8:source_large20_imbalance0.1:both|volume::flow_cont:10:00:w30:h180:source_trades_rank63>=0.8:source_large20_imbalance0.1:short|volume::vwap_stretch_fade:10:00:w30:h180:source_volume_rank63>=0.8:source_large20_imbalance0.1:short|volume::flow_cont:14:30:w60:h60:source_volume_rank63>=0.9:source_large20_imbalance0.1:both|volume::flow_cont:13:30:w60:h120:source_volume_rank63>=0.9:source_large20_imbalance0.1:long|participation::large20_composition_cont_0.05:10:30:w60:h120:short|volume::flow_cont:11:00:w30:h60:source_volume_rank63>=0.9:source_large20_imbalance0.1:long,7,"participation,volume",True,8,True,True,20.425729113238177
1081,155695.0,1.7791957560743688,0.047845638078342745,1.0707714601643286,6702.5,0.04468333333333333,-3742.5,0.5875706214689266,13.922294172062905,2547.5,11157.5,83317.5,58672.5,volume::flow_no_price_follow:13:30:w15:h120:source_avg_trade_size_rank63>=0.8:source_large20_imbalance0.1:both|volume::flow_cont:10:00:w30:h180:source_trades_rank63>=0.8:source_large20_imbalance0.1:short|volume::vwap_stretch_fade:10:00:w30:h180:source_volume_rank63>=0.8:source_large20_imbalance0.1:short|volume::flow_cont:14:30:w60:h60:source_volume_rank63>=0.9:source_large20_imbalance0.1:both|volume::flow_cont:13:30:w60:h120:source_volume_rank63>=0.9:source_large20_imbalance0.1:long|participation::large20_composition_cont_0.1:10:30:w30:h120:short|volume::flow_cont:15:00:w60:h60:source_avg_trade_size_rank63>=0.8:source_large20_imbalance0.1:long,7,"participation,volume",True,8,True,True,20.42311384145331
923,155097.5,1.8106917910252724,0.047632211964906856,1.1013228199978464,6487.5,0.04325,-3742.5,0.5885714285714285,15.842903575297942,2125.0,17010.0,85490.0,50472.5,volume::flow_no_price_follow:13:30:w15:h120:source_avg_trade_size_rank63>=0.8:source_large20_imbalance0.1:both|volume::flow_cont:10:00:w30:h180:source_trades_rank63>=0.8:source_large20_imbalance0.1:short|volume::vwap_stretch_fade:10:00:w30:h180:source_volume_rank63>=0.8:source_large20_imbalance0.1:short|volume::flow_cont:14:30:w60:h60:source_trades_rank63>=0.9:source_large20_imbalance0.1:both|volume::flow_cont:13:30:w60:h120:source_volume_rank63>=0.9:source_large20_imbalance0.1:long|participation::large20_composition_cont_0.1:10:30:w60:h120:short|volume::flow_cont:11:00:w30:h60:source_volume_rank63>=0.9:source_large20_imbalance0.1:long,7,"participation,volume",True,8,True,True,20.42250702535146
1033,155760.0,1.7889078822412157,0.047781153914076446,1.059840752253082,6762.5,0.045083333333333336,-3742.5,0.5965909090909091,14.46272991287512,1227.5,17265.0,87222.5,50045.0,volume::flow_no_price_follow:13:30:w15:h120:source_avg_trade_size_rank63>=0.8:source_large20_imbalance0.1:both|volume::flow_cont:10:00:w30:h180:source_trades_rank63>=0.8:source_large20_imbalance0.1:short|volume::vwap_stretch_fade:10:00:w30:h180:source_volume_rank63>=0.8:source_large20_imbalance0.1:short|volume::flow_cont:14:30:w60:h60:source_trades_rank63>=0.9:source_large20_imbalance0.1:both|volume::flow_cont:13:30:w60:h120:source_trades_rank63>=0.9:source_large20_imbalance0.1:long|participation::large20_composition_cont_0.1:10:30:w60:h120:short|volume::flow_cont:15:00:w60:h60:source_avg_trade_size_rank63>=0.8:source_large20_imbalance0.1:long,7,"participation,volume",True,8,True,True,20.411319978841306
965,156650.0,1.8335328704073217,0.04798076799079487,1.281195406963815,5617.5,0.03745,-3742.5,0.625,15.386528497409326,2917.5,11792.5,91995.0,49945.0,volume::flow_no_price_follow:13:30:w15:h120:source_avg_trade_size_rank63>=0.8:source_large20_imbalance0.1:both|volume::flow_cont:10:00:w30:h180:source_trades_rank63>=0.8:source_large20_imbalance0.1:short|volume::vwap_stretch_fade:10:00:w30:h180:source_volume_rank63>=0.8:source_large20_imbalance0.1:short|volume::flow_cont:14:30:w60:h60:source_trades_rank63>=0.9:source_large20_imbalance0.1:both|volume::flow_cont:13:30:w60:h120:source_volume_rank63>=0.9:source_large20_imbalance0.1:long|volume::flow_cont:15:00:w60:h60:source_avg_trade_size_rank63>=0.8:source_large20_imbalance0.1:long|volume::flow_cont:11:00:w30:h60:source_volume_rank63>=0.9:source_large20_imbalance0.1:long,7,volume,True,8,True,True,20.405361044213638
1116,155745.0,1.7478302622891784,0.047777784981585025,1.0597660254695385,6762.5,0.045083333333333336,-3742.5,0.5898876404494382,13.564516129032258,657.5,15737.5,87345.0,52005.0,volume::flow_no_price_follow:13:30:w15:h120:source_avg_trade_size_rank63>=0.8:source_large20_imbalance0.1:both|volume::flow_cont:10:00:w30:h180:source_trades_rank63>=0.8:source_large20_imbalance0.1:short|volume::vwap_stretch_fade:10:00:w30:h180:source_volume_rank63>=0.8:source_large20_imbalance0.1:short|volume::flow_cont:14:30:w60:h60:source_trades_rank63>=0.9:source_large20_imbalance0.1:both|volume::flow_cont:13:30:w60:h120:source_trades_rank63>=0.9:source_large20_imbalance0.1:long|participation::large20_composition_cont_0.05:10:30:w60:h120:short|volume::flow_cont:15:00:w60:h60:source_avg_trade_size_rank63>=0.8:source_large20_imbalance0.1:long,7,"participation,volume",True,8,True,True,20.38410998090589
978,153160.0,1.780472890338361,0.04727300252366273,1.1942653269135848,5937.5,0.03958333333333333,-3742.5,0.5909090909090909,14.928425357873211,2447.5,12187.5,80135.0,58390.0,volume::flow_no_price_follow:13:30:w15:h120:source_avg_trade_size_rank63>=0.8:source_large20_imbalance0.1:both|volume::flow_cont:10:00:w30:h180:source_trades_rank63>=0.8:source_large20_imbalance0.1:short|volume::vwap_stretch_fade:10:00:w30:h180:source_volume_rank63>=0.8:source_large20_imbalance0.1:short|volume::flow_cont:14:30:w60:h60:source_volume_rank63>=0.9:source_large20_imbalance0.1:both|volume::flow_cont:13:30:w60:h120:source_volume_rank63>=0.9:source_large20_imbalance0.1:long|participation::large20_composition_cont_0.1:10:30:w30:h120:short|volume::flow_cont:11:00:w30:h60:source_volume_rank63>=0.9:source_large20_imbalance0.1:long,7,"participation,volume",True,8,True,True,20.37637787909138
1049,153655.0,1.9265954078786691,0.047306863731848114,1.0731235629152691,6612.5,0.044083333333333335,-3217.5,0.6033519553072626,14.11820781696854,360.0,14197.5,82017.5,57080.0,volume::flow_no_price_follow:13:30:w15:h120:source_avg_trade_size_rank63>=0.8:source_large20_imbalance0.1:both|volume::flow_cont:10:00:w30:h60:source_trades_rank63>=0.8:source_large20_imbalance0.1:short|volume::flow_cont:14:30:w60:h60:source_trades_rank63>=0.9:source_large20_imbalance0.1:both|volume::flow_cont:13:30:w60:h120:source_volume_rank63>=0.9:source_large20_imbalance0.1:long|volume::vwap_stretch_fade:10:00:w30:h180:source_volume_rank63>=0.8:source_large20_imbalance0.1:short|volume::flow_cont:15:00:w60:h60:source_avg_trade_size_rank63>=0.8:source_large20_imbalance0.1:long|participation::broad_trade_flow_cont_0.05:15:00:w15:h30:long,7,"participation,volume",True,8,True,True,20.374861392757587
1010,153762.5,1.7532392779288215,0.047331159539082845,1.1567696832362406,6137.5,0.040916666666666664,-3742.5,0.5988700564971752,14.57920792079208,750.0,17127.5,84162.5,51722.5,volume::flow_no_price_follow:13:30:w15:h120:source_avg_trade_size_rank63>=0.8:source_large20_imbalance0.1:both|volume::flow_cont:10:00:w30:h180:source_trades_rank63>=0.8:source_large20_imbalance0.1:short|volume::vwap_stretch_fade:10:00:w30:h180:source_volume_rank63>=0.8:source_large20_imbalance0.1:short|volume::flow_cont:14:30:w60:h60:source_trades_rank63>=0.9:source_large20_imbalance0.1:both|volume::flow_cont:13:30:w60:h120:source_trades_rank63>=0.9:source_large20_imbalance0.1:long|participation::large20_composition_cont_0.05:10:30:w60:h120:short|volume::flow_cont:11:00:w30:h60:source_volume_rank63>=0.9:source_large20_imbalance0.1:long,7,"participation,volume",True,8,True,True,20.351664671635827
986,152745.0,1.7505343586467828,0.04710087430006338,1.2191770742035388,5795.0,0.03863333333333333,-3742.5,0.5942857142857143,14.793103448275861,1972.5,14285.0,82440.0,54047.5,volume::flow_no_price_follow:13:30:w15:h120:source_avg_trade_size_rank63>=0.8:source_large20_imbalance0.1:both|volume::flow_cont:10:00:w30:h180:source_trades_rank63>=0.8:source_large20_imbalance0.1:short|volume::vwap_stretch_fade:10:00:w30:h180:source_volume_rank63>=0.8:source_large20_imbalance0.1:short|volume::flow_cont:14:30:w60:h60:source_trades_rank63>=0.9:source_large20_imbalance0.1:both|volume::flow_cont:13:30:w60:h120:source_trades_rank63>=0.9:source_large20_imbalance0.1:long|participation::large20_composition_cont_0.1:10:30:w30:h120:short|volume::flow_cont:11:00:w30:h60:source_volume_rank63>=0.9:source_large20_imbalance0.1:long,7,"participation,volume",True,8,True,True,20.35047877407035
1024,151730.0,1.7819924753904035,0.046870433161261715,1.2554580311052244,5600.0,0.037333333333333336,-3742.5,0.615819209039548,14.25390625,5977.5,11385.0,90797.5,43570.0,volume::flow_no_price_follow:13:30:w15:h120:source_avg_trade_size_rank63>=0.8:source_large20_imbalance0.1:both|volume::flow_cont:10:00:w30:h180:source_trades_rank63>=0.8:source_large20_imbalance0.1:short|volume::vwap_stretch_fade:10:00:w30:h180:source_volume_rank63>=0.8:source_large20_imbalance0.1:short|volume::flow_cont:14:30:w60:h60:source_trades_rank63>=0.9:source_large20_imbalance0.1:both|volume::flow_cont:13:30:w60:h120:source_volume_rank63>=0.9:source_large20_imbalance0.1:long|volume::flow_cont:15:00:w60:h60:source_avg_trade_size_rank63>=0.8:source_large20_imbalance0.1:long|participation::broad_trade_flow_cont_0.1:15:00:w5:h60:short,7,"participation,volume",True,8,True,True,20.350273418143466
947,151565.0,1.8163798443349224,0.04683290385332706,1.250544829194314,5617.5,0.03745,-3742.5,0.6079545454545454,15.203801478352693,1967.5,17132.5,84755.0,47710.0,volume::flow_no_price_follow:13:30:w15:h120:source_avg_trade_size_rank63>=0.8:source_large20_imbalance0.1:both|volume::flow_cont:10:00:w30:h180:source_trades_rank63>=0.8:source_large20_imbalance0.1:short|volume::vwap_stretch_fade:10:00:w30:h180:source_volume_rank63>=0.8:source_large20_imbalance0.1:short|volume::flow_cont:14:30:w60:h60:source_trades_rank63>=0.9:source_large20_imbalance0.1:both|volume::flow_cont:13:30:w60:h120:source_volume_rank63>=0.9:source_large20_imbalance0.1:long|participation::broad_trade_flow_cont_0.05:15:00:w15:h30:long|volume::flow_cont:11:00:w30:h60:source_volume_rank63>=0.9:source_large20_imbalance0.1:long,7,"participation,volume",True,8,True,True,20.34529557398024
1013,156172.5,1.867504513262047,0.04787373908790027,0.9664954055430741,7430.0,0.04953333333333333,-3217.5,0.5819209039548022,14.733464955577492,782.5,13627.5,79860.0,61902.5,volume::flow_no_price_follow:13:30:w15:h120:source_avg_trade_size_rank63>=0.8:source_large20_imbalance0.1:both|volume::flow_cont:10:00:w30:h60:source_trades_rank63>=0.8:source_large20_imbalance0.1:short|volume::flow_cont:14:30:w60:h60:source_trades_rank63>=0.9:source_large20_imbalance0.1:both|volume::flow_cont:13:30:w60:h120:source_volume_rank63>=0.9:source_large20_imbalance0.1:long|volume::flow_cont:11:00:w30:h60:source_volume_rank63>=0.9:source_large20_imbalance0.1:long|participation::large20_composition_cont_0.05:10:30:w60:h120:short|volume::vwap_stretch_fade:10:00:w30:h180:source_volume_rank63>=0.8:source_large20_imbalance0.1:short,7,"participation,volume",True,8,True,True,20.34491488896868
1026,155407.5,1.8110826961718118,0.04778091773433646,1.0180593267259188,7040.0,0.046933333333333334,-3742.5,0.5932203389830508,14.517543859649123,1090.0,17172.5,83467.5,53677.5,volume::flow_no_price_follow:13:30:w15:h120:source_avg_trade_size_rank63>=0.8:source_large20_imbalance0.1:both|volume::flow_cont:10:00:w30:h180:source_trades_rank63>=0.8:source_large20_imbalance0.1:short|volume::vwap_stretch_fade:10:00:w30:h180:source_volume_rank63>=0.8:source_large20_imbalance0.1:short|volume::flow_cont:14:30:w60:h60:source_volume_rank63>=0.9:source_large20_imbalance0.1:both|volume::flow_cont:13:30:w60:h120:source_trades_rank63>=0.9:source_large20_imbalance0.1:long|participation::large20_composition_cont_0.1:10:30:w60:h120:short|volume::flow_cont:15:00:w60:h60:source_avg_trade_size_rank63>=0.8:source_large20_imbalance0.1:long,7,"participation,volume",True,8,True,True,20.318104798216776
1052,151927.5,1.7933343776924884,0.04691532939790677,1.2133274844286233,5800.0,0.03866666666666667,-3742.5,0.6424581005586593,13.95342205323194,967.5,17660.0,86017.5,47282.5,volume::flow_no_price_follow:13:30:w15:h120:source_avg_trade_size_rank63>=0.8:source_large20_imbalance0.1:both|volume::flow_cont:10:00:w30:h180:source_trades_rank63>=0.8:source_large20_imbalance0.1:short|volume::vwap_stretch_fade:10:00:w30:h180:source_volume_rank63>=0.8:source_large20_imbalance0.1:short|volume::flow_cont:14:30:w60:h60:source_trades_rank63>=0.9:source_large20_imbalance0.1:both|volume::flow_cont:13:30:w60:h120:source_trades_rank63>=0.9:source_large20_imbalance0.1:long|participation::broad_trade_flow_cont_0.05:15:00:w15:h30:long|volume::flow_cont:15:00:w60:h60:source_avg_trade_size_rank63>=0.8:source_large20_imbalance0.1:long,7,"participation,volume",True,8,True,True,20.317958231214575
972,157740.0,1.951272464117718,0.04822450293790692,1.0939395751510077,6612.5,0.044083333333333335,-3217.5,0.6079545454545454,15.382716049382717,2145.0,9937.5,86242.5,59415.0,volume::flow_no_price_follow:13:30:w15:h120:source_avg_trade_size_rank63>=0.8:source_large20_imbalance0.1:both|volume::flow_cont:10:00:w30:h60:source_trades_rank63>=0.8:source_large20_imbalance0.1:short|volume::flow_cont:14:30:w60:h60:source_trades_rank63>=0.9:source_large20_imbalance0.1:both|volume::flow_cont:13:30:w60:h120:source_volume_rank63>=0.9:source_large20_imbalance0.1:long|volume::vwap_stretch_fade:10:00:w30:h180:source_volume_rank63>=0.8:source_large20_imbalance0.1:short|volume::flow_cont:15:00:w60:h60:source_avg_trade_size_rank63>=0.8:source_large20_imbalance0.1:long|volume::flow_cont:11:00:w30:h60:source_volume_rank63>=0.9:source_large20_imbalance0.1:long,7,volume,True,8,True,True,20.313622189039258
1106,152620.0,1.748917377169846,0.04707253386367283,1.1867025343783064,5950.0,0.03966666666666667,-3742.5,0.5795454545454546,13.439421338155515,832.5,11652.5,88120.0,52015.0,volume::flow_no_price_follow:13:30:w15:h120:source_avg_trade_size_rank63>=0.8:source_large20_imbalance0.1:both|volume::flow_cont:10:00:w30:h180:source_trades_rank63>=0.8:source_large20_imbalance0.1:short|volume::vwap_stretch_fade:10:00:w30:h180:source_volume_rank63>=0.8:source_large20_imbalance0.1:short|volume::flow_cont:14:30:w60:h60:source_trades_rank63>=0.9:source_large20_imbalance0.1:both|participation::large20_composition_cont_0.1:10:30:w30:h120:short|volume::flow_cont:13:30:w30:h60:source_trades_rank63>=0.9:source_large20_imbalance0.1:long|volume::flow_cont:15:00:w60:h60:source_avg_trade_size_rank63>=0.8:source_large20_imbalance0.1:long,7,"participation,volume",True,8,True,True,20.306168364756548
1041,152295.0,1.8283880442764284,0.04707658202474296,1.165261931305519,6060.0,0.0404,-3742.5,0.6201117318435754,14.103746397694524,1477.5,15755.0,83882.5,51180.0,volume::flow_no_price_follow:13:30:w15:h120:source_avg_trade_size_rank63>=0.8:source_large20_imbalance0.1:both|volume::flow_cont:10:00:w30:h180:source_trades_rank63>=0.8:source_large20_imbalance0.1:short|volume::vwap_stretch_fade:10:00:w30:h180:source_volume_rank63>=0.8:source_large20_imbalance0.1:short|volume::flow_cont:14:30:w60:h60:source_volume_rank63>=0.9:source_large20_imbalance0.1:both|volume::flow_cont:13:30:w60:h120:source_volume_rank63>=0.9:source_large20_imbalance0.1:long|participation::broad_trade_flow_cont_0.05:15:00:w15:h30:long|volume::flow_cont:15:00:w60:h60:source_avg_trade_size_rank63>=0.8:source_large20_imbalance0.1:long,7,"participation,volume",True,8,True,True,20.30492942004461
919,154192.5,1.8288359717257505,0.04750677378984558,1.07481388664809,6630.0,0.0442,-3742.5,0.5852272727272727,15.822633297062024,1795.0,16557.5,81735.0,54105.0,volume::flow_no_price_follow:13:30:w15:h120:source_avg_trade_size_rank63>=0.8:source_large20_imbalance0.1:both|volume::flow_cont:10:00:w30:h180:source_trades_rank63>=0.8:source_large20_imbalance0.1:short|volume::vwap_stretch_fade:10:00:w30:h180:source_volume_rank63>=0.8:source_large20_imbalance0.1:short|volume::flow_cont:14:30:w60:h60:source_volume_rank63>=0.9:source_large20_imbalance0.1:both|volume::flow_cont:13:30:w60:h120:source_volume_rank63>=0.9:source_large20_imbalance0.1:long|participation::large20_composition_cont_0.1:10:30:w60:h120:short|volume::flow_cont:11:00:w30:h60:source_volume_rank63>=0.9:source_large20_imbalance0.1:long,7,"participation,volume",True,8,True,True,20.303774592382457
1088,152635.0,1.7305819143462289,0.047075935293561244,1.1953263299253807,5907.5,0.03938333333333333,-3742.5,0.5909090909090909,13.623161764705882,2315.0,12950.0,84335.0,53035.0,volume::flow_no_price_follow:13:30:w15:h120:source_avg_trade_size_rank63>=0.8:source_large20_imbalance0.1:both|volume::flow_cont:10:00:w30:h180:source_trades_rank63>=0.8:source_large20_imbalance0.1:short|volume::vwap_stretch_fade:10:00:w30:h180:source_volume_rank63>=0.8:source_large20_imbalance0.1:short|volume::flow_cont:14:30:w60:h60:source_trades_rank63>=0.9:source_large20_imbalance0.1:both|participation::large20_composition_cont_0.1:10:30:w30:h120:short|volume::flow_cont:13:30:w30:h120:source_trades_rank63>=0.9:source_large20_imbalance0.1:long|volume::flow_cont:15:00:w60:h60:source_avg_trade_size_rank63>=0.8:source_large20_imbalance0.1:long,7,"participation,volume",True,8,True,True,20.300344602191533
1109,155392.5,1.767635725929951,0.047777539458441654,1.0179873464156601,7040.0,0.046933333333333334,-3742.5,0.5921787709497207,13.60955816050496,520.0,15645.0,83590.0,55637.5,volume::flow_no_price_follow:13:30:w15:h120:source_avg_trade_size_rank63>=0.8:source_large20_imbalance0.1:both|volume::flow_cont:10:00:w30:h180:source_trades_rank63>=0.8:source_large20_imbalance0.1:short|volume::vwap_stretch_fade:10:00:w30:h180:source_volume_rank63>=0.8:source_large20_imbalance0.1:short|volume::flow_cont:14:30:w60:h60:source_volume_rank63>=0.9:source_large20_imbalance0.1:both|volume::flow_cont:13:30:w60:h120:source_trades_rank63>=0.9:source_large20_imbalance0.1:long|participation::large20_composition_cont_0.05:10:30:w60:h120:short|volume::flow_cont:15:00:w60:h60:source_avg_trade_size_rank63>=0.8:source_large20_imbalance0.1:long,7,"participation,volume",True,8,True,True,20.28862946454022
1019,153167.5,1.9319450571180845,0.047274703300595355,1.0497713538252114,6755.0,0.045033333333333335,-3217.5,0.6214689265536724,14.424926398429832,4422.5,10862.5,81592.5,56290.0,volume::flow_no_price_follow:13:30:w15:h120:source_avg_trade_size_rank63>=0.8:source_large20_imbalance0.1:both|volume::flow_cont:13:30:w60:h120:source_volume_rank63>=0.9:source_large20_imbalance0.1:long|volume::flow_cont:10:00:w30:h60:source_trades_rank63>=0.8:source_large20_imbalance0.1:short|volume::flow_cont:14:30:w60:h60:source_volume_rank63>=0.9:source_large20_imbalance0.1:both|volume::vwap_stretch_fade:10:00:w30:h180:source_volume_rank63>=0.8:source_large20_imbalance0.1:short|volume::flow_cont:15:00:w60:h60:source_avg_trade_size_rank63>=0.8:source_large20_imbalance0.1:long|participation::broad_trade_flow_cont_0.1:15:00:w5:h60:short,7,"participation,volume",True,8,True,True,20.283311325532292
1041,152870.0,1.9554673583549487,0.047207208980895476,1.0482725902493444,6755.0,0.045033333333333335,-3217.5,0.6033519553072626,14.147934678194044,65.0,14105.0,78432.5,60267.5,volume::flow_no_price_follow:13:30:w15:h120:source_avg_trade_size_rank63>=0.8:source_large20_imbalance0.1:both|volume::flow_cont:13:30:w60:h120:source_volume_rank63>=0.9:source_large20_imbalance0.1:long|volume::flow_cont:10:00:w30:h60:source_trades_rank63>=0.8:source_large20_imbalance0.1:short|volume::flow_cont:14:30:w60:h60:source_volume_rank63>=0.9:source_large20_imbalance0.1:both|volume::vwap_stretch_fade:10:00:w30:h180:source_volume_rank63>=0.8:source_large20_imbalance0.1:short|volume::flow_cont:15:00:w60:h60:source_avg_trade_size_rank63>=0.8:source_large20_imbalance0.1:long|participation::broad_trade_flow_cont_0.05:15:00:w15:h30:long,7,"participation,volume",True,8,True,True,20.27985272640029
1006,152857.5,1.768688240175002,0.04720437172925451,1.1536709994929821,6137.5,0.040916666666666664,-3742.5,0.5955056179775281,14.555666003976143,420.0,16675.0,80407.5,55355.0,volume::flow_no_price_follow:13:30:w15:h120:source_avg_trade_size_rank63>=0.8:source_large20_imbalance0.1:both|volume::flow_cont:10:00:w30:h180:source_trades_rank63>=0.8:source_large20_imbalance0.1:short|volume::vwap_stretch_fade:10:00:w30:h180:source_volume_rank63>=0.8:source_large20_imbalance0.1:short|volume::flow_cont:14:30:w60:h60:source_volume_rank63>=0.9:source_large20_imbalance0.1:both|volume::flow_cont:13:30:w60:h120:source_trades_rank63>=0.9:source_large20_imbalance0.1:long|participation::large20_composition_cont_0.05:10:30:w60:h120:short|volume::flow_cont:11:00:w30:h60:source_volume_rank63>=0.9:source_large20_imbalance0.1:long,7,"participation,volume",True,8,True,True,20.272722084878364
1085,154375.0,1.7649521827461474,0.04754801701459588,1.0641107873464202,6702.5,0.04468333333333333,-3742.5,0.5875706214689266,13.782488479262673,1742.5,12802.5,81867.5,57962.5,volume::flow_no_price_follow:13:30:w15:h120:source_avg_trade_size_rank63>=0.8:source_large20_imbalance0.1:both|volume::flow_cont:10:00:w30:h180:source_trades_rank63>=0.8:source_large20_imbalance0.1:short|volume::vwap_stretch_fade:10:00:w30:h180:source_volume_rank63>=0.8:source_large20_imbalance0.1:short|volume::flow_cont:14:30:w60:h60:source_volume_rank63>=0.9:source_large20_imbalance0.1:both|volume::flow_cont:13:30:w60:h120:source_trades_rank63>=0.9:source_large20_imbalance0.1:long|participation::large20_composition_cont_0.1:10:30:w30:h120:short|volume::flow_cont:15:00:w60:h60:source_avg_trade_size_rank63>=0.8:source_large20_imbalance0.1:long,7,"participation,volume",True,8,True,True,20.27094760352467
927,153777.5,1.7954968703119343,0.04733454901292644,1.0944404396052356,6487.5,0.04325,-3742.5,0.5942857142857143,15.670981661272924,1320.0,18655.0,84040.0,49762.5,volume::flow_no_price_follow:13:30:w15:h120:source_avg_trade_size_rank63>=0.8:source_large20_imbalance0.1:both|volume::flow_cont:10:00:w30:h180:source_trades_rank63>=0.8:source_large20_imbalance0.1:short|volume::vwap_stretch_fade:10:00:w30:h180:source_volume_rank63>=0.8:source_large20_imbalance0.1:short|volume::flow_cont:14:30:w60:h60:source_trades_rank63>=0.9:source_large20_imbalance0.1:both|volume::flow_cont:13:30:w60:h120:source_trades_rank63>=0.9:source_large20_imbalance0.1:long|participation::large20_composition_cont_0.1:10:30:w60:h120:short|volume::flow_cont:11:00:w30:h60:source_volume_rank63>=0.9:source_large20_imbalance0.1:long,7,"participation,volume",True,8,True,True,20.269293656474414
965,157387.5,1.9837487303695602,0.04822549494052564,1.0708844176282524,6755.0,0.045033333333333335,-3217.5,0.615819209039548,15.447668393782383,2007.5,9845.0,82487.5,63047.5,volume::flow_no_price_follow:13:30:w15:h120:source_avg_trade_size_rank63>=0.8:source_large20_imbalance0.1:both|volume::flow_cont:13:30:w60:h120:source_volume_rank63>=0.9:source_large20_imbalance0.1:long|volume::flow_cont:10:00:w30:h60:source_trades_rank63>=0.8:source_large20_imbalance0.1:short|volume::flow_cont:14:30:w60:h60:source_volume_rank63>=0.9:source_large20_imbalance0.1:both|volume::vwap_stretch_fade:10:00:w30:h180:source_volume_rank63>=0.8:source_large20_imbalance0.1:short|volume::flow_cont:15:00:w60:h60:source_avg_trade_size_rank63>=0.8:source_large20_imbalance0.1:long|volume::flow_cont:11:00:w30:h60:source_volume_rank63>=0.9:source_large20_imbalance0.1:long,7,volume,True,8,True,True,20.267349248173648
954,152655.0,1.9334413599119482,0.04708047028835627,1.0728553806689616,6582.5,0.04388333333333334,-3217.5,0.5909090909090909,15.20125786163522,1195.0,15277.5,79002.5,57180.0,volume::flow_no_price_follow:13:30:w15:h120:source_avg_trade_size_rank63>=0.8:source_large20_imbalance0.1:both|volume::flow_cont:10:00:w30:h60:source_trades_rank63>=0.8:source_large20_imbalance0.1:short|volume::flow_cont:14:30:w60:h60:source_trades_rank63>=0.9:source_large20_imbalance0.1:both|volume::flow_cont:13:30:w60:h120:source_volume_rank63>=0.9:source_large20_imbalance0.1:long|volume::vwap_stretch_fade:10:00:w30:h180:source_volume_rank63>=0.8:source_large20_imbalance0.1:short|participation::broad_trade_flow_cont_0.05:15:00:w15:h30:long|volume::flow_cont:11:00:w30:h60:source_volume_rank63>=0.9:source_large20_imbalance0.1:long,7,"participation,volume",True,8,True,True,20.266472342010392
969,155330.0,1.817827620702364,0.04768451654856354,1.2732848210564363,5617.5,0.03745,-3742.5,0.6306818181818182,15.223942208462333,2112.5,13437.5,90545.0,49235.0,volume::flow_no_price_follow:13:30:w15:h120:source_avg_trade_size_rank63>=0.8:source_large20_imbalance0.1:both|volume::flow_cont:10:00:w30:h180:source_trades_rank63>=0.8:source_large20_imbalance0.1:short|volume::vwap_stretch_fade:10:00:w30:h180:source_volume_rank63>=0.8:source_large20_imbalance0.1:short|volume::flow_cont:14:30:w60:h60:source_trades_rank63>=0.9:source_large20_imbalance0.1:both|volume::flow_cont:13:30:w60:h120:source_trades_rank63>=0.9:source_large20_imbalance0.1:long|volume::flow_cont:15:00:w60:h60:source_avg_trade_size_rank63>=0.8:source_large20_imbalance0.1:long|volume::flow_cont:11:00:w30:h60:source_volume_rank63>=0.9:source_large20_imbalance0.1:long,7,volume,True,8,True,True,20.250571656058288
998,146947.5,1.9930562595032946,0.04577479278199603,1.3456577985888103,5102.5,0.03401666666666667,-3217.5,0.5852272727272727,14.17935871743487,842.5,10970.0,86907.5,48227.5,volume::flow_no_price_follow:13:30:w15:h120:source_avg_trade_size_rank63>=0.8:source_large20_imbalance0.1:both|volume::flow_cont:10:00:w30:h60:source_trades_rank63>=0.8:source_large20_imbalance0.1:short|volume::flow_cont:14:30:w60:h60:source_trades_rank63>=0.9:source_large20_imbalance0.1:both|volume::flow_cont:13:30:w60:h120:source_volume_rank63>=0.9:source_large20_imbalance0.1:long|volume::flow_cont:15:00:w60:h60:source_avg_trade_size_rank63>=0.8:source_large20_imbalance0.1:long|participation::large20_composition_cont_0.1:10:30:w60:h120:short|volume::flow_cont:11:00:w30:h60:source_volume_rank63>=0.9:source_large20_imbalance0.1:long,7,"participation,volume",True,8,True,True,20.234481680488486
982,151840.0,1.7659595934118597,0.04697305170482369,1.1866876220165985,5937.5,0.03958333333333333,-3742.5,0.5909090909090909,14.769857433808554,1642.5,13832.5,78685.0,57680.0,volume::flow_no_price_follow:13:30:w15:h120:source_avg_trade_size_rank63>=0.8:source_large20_imbalance0.1:both|volume::flow_cont:10:00:w30:h180:source_trades_rank63>=0.8:source_large20_imbalance0.1:short|volume::vwap_stretch_fade:10:00:w30:h180:source_volume_rank63>=0.8:source_large20_imbalance0.1:short|volume::flow_cont:14:30:w60:h60:source_volume_rank63>=0.9:source_large20_imbalance0.1:both|volume::flow_cont:13:30:w60:h120:source_trades_rank63>=0.9:source_large20_imbalance0.1:long|participation::large20_composition_cont_0.1:10:30:w30:h120:short|volume::flow_cont:11:00:w30:h60:source_volume_rank63>=0.9:source_large20_imbalance0.1:long,7,"participation,volume",True,8,True,True,20.223102372791224
942,150227.5,1.832862092862093,0.04660496695370919,1.244458396627749,5617.5,0.03745,-3742.5,0.5909090909090909,15.158174097664544,1480.0,16680.0,81170.0,50897.5,volume::flow_no_price_follow:13:30:w15:h120:source_avg_trade_size_rank63>=0.8:source_large20_imbalance0.1:both|volume::flow_cont:10:00:w30:h180:source_trades_rank63>=0.8:source_large20_imbalance0.1:short|volume::vwap_stretch_fade:10:00:w30:h180:source_volume_rank63>=0.8:source_large20_imbalance0.1:short|volume::flow_cont:14:30:w60:h60:source_volume_rank63>=0.9:source_large20_imbalance0.1:both|volume::flow_cont:13:30:w60:h120:source_volume_rank63>=0.9:source_large20_imbalance0.1:long|participation::broad_trade_flow_cont_0.05:15:00:w15:h30:long|volume::flow_cont:11:00:w30:h60:source_volume_rank63>=0.9:source_large20_imbalance0.1:long,7,"participation,volume",True,8,True,True,20.220883746016533
950,150412.5,1.8022748789887055,0.04657023096165047,1.2435308667997456,5617.5,0.03745,-3742.5,0.6045197740112994,15.066315789473684,1162.5,18945.0,83305.0,47000.0,volume::flow_no_price_follow:13:30:w15:h120:source_avg_trade_size_rank63>=0.8:source_large20_imbalance0.1:both|volume::flow_cont:10:00:w30:h180:source_trades_rank63>=0.8:source_large20_imbalance0.1:short|volume::vwap_stretch_fade:10:00:w30:h180:source_volume_rank63>=0.8:source_large20_imbalance0.1:short|volume::flow_cont:14:30:w60:h60:source_trades_rank63>=0.9:source_large20_imbalance0.1:both|volume::flow_cont:13:30:w60:h120:source_trades_rank63>=0.9:source_large20_imbalance0.1:long|participation::broad_trade_flow_cont_0.05:15:00:w15:h30:long|volume::flow_cont:11:00:w30:h60:source_volume_rank63>=0.9:source_large20_imbalance0.1:long,7,"participation,volume",True,8,True,True,20.20955855829753
917,150240.0,1.8137465978795142,0.04660782742102998,1.2445347775975963,5617.5,0.03745,-3742.5,0.6091954022988506,15.507088331515812,5735.0,13542.5,84042.5,46920.0,volume::flow_no_price_follow:13:30:w15:h120:source_avg_trade_size_rank63>=0.8:source_large20_imbalance0.1:both|volume::flow_cont:10:00:w30:h180:source_trades_rank63>=0.8:source_large20_imbalance0.1:short|volume::vwap_stretch_fade:10:00:w30:h180:source_volume_rank63>=0.8:source_large20_imbalance0.1:short|volume::flow_cont:14:30:w60:h60:source_volume_rank63>=0.9:source_large20_imbalance0.1:both|volume::flow_cont:13:30:w60:h120:source_volume_rank63>=0.9:source_large20_imbalance0.1:long|participation::broad_trade_flow_cont_0.1:15:00:w5:h60:short|volume::flow_cont:11:00:w30:h60:source_volume_rank63>=0.9:source_large20_imbalance0.1:long,7,"participation,volume",True,8,True,True,20.197720853601208
1024,152305.0,1.894964155599953,0.047001067418022346,1.0661867845298074,6612.5,0.044083333333333335,-3217.5,0.615819209039548,14.298828125,4565.0,9735.0,85347.5,52657.5,volume::flow_no_price_follow:13:30:w15:h120:source_avg_trade_size_rank63>=0.8:source_large20_imbalance0.1:both|volume::flow_cont:10:00:w30:h60:source_trades_rank63>=0.8:source_large20_imbalance0.1:short|volume::flow_cont:14:30:w60:h60:source_trades_rank63>=0.9:source_large20_imbalance0.1:both|volume::flow_cont:13:30:w60:h120:source_volume_rank63>=0.9:source_large20_imbalance0.1:long|volume::vwap_stretch_fade:10:00:w30:h180:source_volume_rank63>=0.8:source_large20_imbalance0.1:short|volume::flow_cont:15:00:w60:h60:source_avg_trade_size_rank63>=0.8:source_large20_imbalance0.1:long|participation::broad_trade_flow_cont_0.1:15:00:w5:h60:short,7,"participation,volume",True,8,True,True,20.196473851777597
1022,153627.5,1.7964719910827696,0.04737894254298247,1.0509192430975778,6762.5,0.045083333333333336,-3742.5,0.5932203389830508,14.425636007827789,1525.0,17227.5,82712.5,52162.5,volume::flow_no_price_follow:13:30:w15:h120:source_avg_trade_size_rank63>=0.8:source_large20_imbalance0.1:both|volume::flow_cont:10:00:w30:h180:source_trades_rank63>=0.8:source_large20_imbalance0.1:short|volume::vwap_stretch_fade:10:00:w30:h180:source_volume_rank63>=0.8:source_large20_imbalance0.1:short|volume::flow_cont:14:30:w60:h60:source_volume_rank63>=0.9:source_large20_imbalance0.1:both|participation::large20_composition_cont_0.1:10:30:w60:h120:short|volume::flow_cont:13:30:w30:h120:source_trades_rank63>=0.9:source_large20_imbalance0.1:long|volume::flow_cont:15:00:w60:h60:source_avg_trade_size_rank63>=0.8:source_large20_imbalance0.1:long,7,"participation,volume",True,8,True,True,20.194573520704004
1112,155002.5,1.7823766199351394,0.047610829480089656,0.9776351022605678,7305.0,0.0487,-3105.0,0.550561797752809,13.551258992805755,1550.0,13380.0,84345.0,55727.5,volume::flow_no_price_follow:13:30:w15:h120:source_avg_trade_size_rank63>=0.8:source_large20_imbalance0.1:both|volume::flow_cont:10:00:w30:h120:source_trades_rank63>=0.8:source_large20_imbalance0.1:short|volume::flow_cont:14:30:w60:h60:source_trades_rank63>=0.9:source_large20_imbalance0.1:both|volume::vwap_stretch_fade:10:00:w30:h180:source_volume_rank63>=0.8:source_large20_imbalance0.1:short|volume::flow_cont:13:30:w60:h120:source_volume_rank63>=0.9:source_large20_imbalance0.1:long|participation::large20_composition_cont_0.05:10:30:w60:h120:short|volume::flow_cont:15:00:w60:h60:source_avg_trade_size_rank63>=0.8:source_large20_imbalance0.1:long,7,"participation,volume",True,8,True,True,20.189224592450817
1047,153652.5,1.793731354848708,0.04730629861744817,1.0427545617365506,6805.0,0.045366666666666666,-3742.5,0.6022727272727273,14.140401146131806,180.0,16022.5,89720.0,47730.0,volume::flow_no_price_follow:13:30:w15:h120:source_avg_trade_size_rank63>=0.8:source_large20_imbalance0.1:both|volume::flow_cont:10:00:w30:h180:source_trades_rank63>=0.8:source_large20_imbalance0.1:short|volume::vwap_stretch_fade:10:00:w30:h180:source_volume_rank63>=0.8:source_large20_imbalance0.1:short|volume::flow_cont:14:30:w60:h60:source_trades_rank63>=0.9:source_large20_imbalance0.1:both|volume::flow_cont:13:30:w30:h60:source_trades_rank63>=0.9:source_large20_imbalance0.1:long|participation::large20_composition_cont_0.1:10:30:w60:h120:short|volume::flow_cont:15:00:w60:h60:source_avg_trade_size_rank63>=0.8:source_large20_imbalance0.1:long,7,"participation,volume",True,8,True,True,20.18533035622812
1116,153682.5,1.7679805109625835,0.04731307970331855,1.0475220598520711,6775.0,0.04516666666666667,-3105.0,0.5617977528089888,13.416666666666666,745.0,15025.0,82895.0,55017.5,volume::flow_no_price_follow:13:30:w15:h120:source_avg_trade_size_rank63>=0.8:source_large20_imbalance0.1:both|volume::flow_cont:10:00:w30:h120:source_trades_rank63>=0.8:source_large20_imbalance0.1:short|volume::flow_cont:14:30:w60:h60:source_trades_rank63>=0.9:source_large20_imbalance0.1:both|volume::vwap_stretch_fade:10:00:w30:h180:source_volume_rank63>=0.8:source_large20_imbalance0.1:short|volume::flow_cont:13:30:w60:h120:source_trades_rank63>=0.9:source_large20_imbalance0.1:long|participation::large20_composition_cont_0.05:10:30:w60:h120:short|volume::flow_cont:15:00:w60:h60:source_avg_trade_size_rank63>=0.8:source_large20_imbalance0.1:long,7,"participation,volume",True,8,True,True,20.184099597295162
1081,146932.5,1.9252676322418136,0.04577133050996829,1.345556016951542,5102.5,0.03401666666666667,-3217.5,0.5786516853932584,13.27382053654024,272.5,9442.5,87030.0,50187.5,volume::flow_no_price_follow:13:30:w15:h120:source_avg_trade_size_rank63>=0.8:source_large20_imbalance0.1:both|volume::flow_cont:10:00:w30:h60:source_trades_rank63>=0.8:source_large20_imbalance0.1:short|volume::flow_cont:14:30:w60:h60:source_trades_rank63>=0.9:source_large20_imbalance0.1:both|volume::flow_cont:13:30:w60:h120:source_volume_rank63>=0.9:source_large20_imbalance0.1:long|volume::flow_cont:11:00:w30:h60:source_volume_rank63>=0.9:source_large20_imbalance0.1:long|participation::large20_composition_cont_0.05:10:30:w60:h120:short|volume::flow_cont:15:00:w60:h60:source_avg_trade_size_rank63>=0.8:source_large20_imbalance0.1:long,7,"participation,volume",True,8,True,True,20.18105360774131
1029,153667.5,1.7732962622818826,0.04730968923863488,1.0493831254410693,6762.5,0.045083333333333336,-3742.5,0.5965909090909091,14.346938775510203,1662.5,17320.0,85935.0,48750.0,volume::flow_no_price_follow:13:30:w15:h120:source_avg_trade_size_rank63>=0.8:source_large20_imbalance0.1:both|volume::flow_cont:10:00:w30:h180:source_trades_rank63>=0.8:source_large20_imbalance0.1:short|volume::vwap_stretch_fade:10:00:w30:h180:source_volume_rank63>=0.8:source_large20_imbalance0.1:short|volume::flow_cont:14:30:w60:h60:source_trades_rank63>=0.9:source_large20_imbalance0.1:both|participation::large20_composition_cont_0.1:10:30:w60:h120:short|volume::flow_cont:13:30:w30:h120:source_trades_rank63>=0.9:source_large20_imbalance0.1:long|volume::flow_cont:15:00:w60:h60:source_avg_trade_size_rank63>=0.8:source_large20_imbalance0.1:long,7,"participation,volume",True,8,True,True,20.175225537301017
1070,150962.5,1.7423137915350289,0.04669570186570193,1.2086894356954772,5795.0,0.03863333333333333,-3742.5,0.601123595505618,13.686915887850468,1735.0,16590.0,79832.5,52805.0,volume::flow_no_price_follow:13:30:w15:h120:source_avg_trade_size_rank63>=0.8:source_large20_imbalance0.1:both|volume::flow_cont:10:00:w30:h180:source_trades_rank63>=0.8:source_large20_imbalance0.1:short|volume::vwap_stretch_fade:10:00:w30:h180:source_volume_rank63>=0.8:source_large20_imbalance0.1:short|volume::flow_cont:14:30:w60:h60:source_trades_rank63>=0.9:source_large20_imbalance0.1:both|volume::flow_cont:13:30:w60:h120:source_volume_rank63>=0.9:source_large20_imbalance0.1:long|participation::large20_composition_cont_0.1:10:30:w30:h120:short|participation::broad_trade_flow_cont_0.05:15:00:w15:h30:long,7,"participation,volume",True,8,True,True,20.16985617465339
1044,151142.5,1.8140273869312904,0.04681405968663355,1.1587638536295433,6060.0,0.0404,-3742.5,0.6312849162011173,13.981800766283525,672.5,17567.5,82432.5,50470.0,volume::flow_no_price_follow:13:30:w15:h120:source_avg_trade_size_rank63>=0.8:source_large20_imbalance0.1:both|volume::flow_cont:10:00:w30:h180:source_trades_rank63>=0.8:source_large20_imbalance0.1:short|volume::vwap_stretch_fade:10:00:w30:h180:source_volume_rank63>=0.8:source_large20_imbalance0.1:short|volume::flow_cont:14:30:w60:h60:source_volume_rank63>=0.9:source_large20_imbalance0.1:both|volume::flow_cont:13:30:w60:h120:source_trades_rank63>=0.9:source_large20_imbalance0.1:long|participation::broad_trade_flow_cont_0.05:15:00:w15:h30:long|volume::flow_cont:15:00:w60:h60:source_avg_trade_size_rank63>=0.8:source_large20_imbalance0.1:long,7,"participation,volume",True,8,True,True,20.16939567344062
1105,153612.5,1.754074419517942,0.0473755457653231,1.050843898676298,6762.5,0.045083333333333336,-3742.5,0.5865921787709497,13.521266968325792,955.0,15700.0,82835.0,54122.5,volume::flow_no_price_follow:13:30:w15:h120:source_avg_trade_size_rank63>=0.8:source_large20_imbalance0.1:both|volume::flow_cont:10:00:w30:h180:source_trades_rank63>=0.8:source_large20_imbalance0.1:short|volume::vwap_stretch_fade:10:00:w30:h180:source_volume_rank63>=0.8:source_large20_imbalance0.1:short|volume::flow_cont:14:30:w60:h60:source_volume_rank63>=0.9:source_large20_imbalance0.1:both|volume::flow_cont:13:30:w30:h120:source_trades_rank63>=0.9:source_large20_imbalance0.1:long|participation::large20_composition_cont_0.05:10:30:w60:h120:short|volume::flow_cont:15:00:w60:h60:source_avg_trade_size_rank63>=0.8:source_large20_imbalance0.1:long,7,"participation,volume",True,8,True,True,20.16620268794403
1024,150692.5,1.789886123887775,0.04671130148780178,1.1956817786979979,5860.0,0.039066666666666666,-3742.5,0.6271186440677966,14.1728515625,5030.0,13577.5,85592.5,46492.5,volume::flow_no_price_follow:13:30:w15:h120:source_avg_trade_size_rank63>=0.8:source_large20_imbalance0.1:both|volume::flow_cont:10:00:w30:h180:source_trades_rank63>=0.8:source_large20_imbalance0.1:short|volume::vwap_stretch_fade:10:00:w30:h180:source_volume_rank63>=0.8:source_large20_imbalance0.1:short|volume::flow_cont:14:30:w60:h60:source_volume_rank63>=0.9:source_large20_imbalance0.1:both|volume::flow_cont:13:30:w60:h120:source_trades_rank63>=0.9:source_large20_imbalance0.1:long|volume::flow_cont:15:00:w60:h60:source_avg_trade_size_rank63>=0.8:source_large20_imbalance0.1:long|participation::broad_trade_flow_cont_0.1:15:00:w5:h60:short,7,"participation,volume",True,8,True,True,20.159974147566945
976,156420.0,1.9320978458421476,0.04792923425776929,1.0872416088718933,6612.5,0.044083333333333335,-3217.5,0.6136363636363636,15.221311475409836,1340.0,11582.5,84792.5,58705.0,volume::flow_no_price_follow:13:30:w15:h120:source_avg_trade_size_rank63>=0.8:source_large20_imbalance0.1:both|volume::flow_cont:10:00:w30:h60:source_trades_rank63>=0.8:source_large20_imbalance0.1:short|volume::flow_cont:14:30:w60:h60:source_trades_rank63>=0.9:source_large20_imbalance0.1:both|volume::vwap_stretch_fade:10:00:w30:h180:source_volume_rank63>=0.8:source_large20_imbalance0.1:short|volume::flow_cont:13:30:w60:h120:source_trades_rank63>=0.9:source_large20_imbalance0.1:long|volume::flow_cont:15:00:w60:h60:source_avg_trade_size_rank63>=0.8:source_large20_imbalance0.1:long|volume::flow_cont:11:00:w30:h60:source_volume_rank63>=0.9:source_large20_imbalance0.1:long,7,volume,True,8,True,True,20.156570118455928
923,152872.5,1.8130218582141149,0.04720777641809426,1.0680492402283768,6630.0,0.0442,-3742.5,0.5909090909090909,15.650054171180932,990.0,18202.5,80285.0,53395.0,volume::flow_no_price_follow:13:30:w15:h120:source_avg_trade_size_rank63>=0.8:source_large20_imbalance0.1:both|volume::flow_cont:10:00:w30:h180:source_trades_rank63>=0.8:source_large20_imbalance0.1:short|volume::vwap_stretch_fade:10:00:w30:h180:source_volume_rank63>=0.8:source_large20_imbalance0.1:short|volume::flow_cont:14:30:w60:h60:source_volume_rank63>=0.9:source_large20_imbalance0.1:both|volume::flow_cont:13:30:w60:h120:source_trades_rank63>=0.9:source_large20_imbalance0.1:long|participation::large20_composition_cont_0.1:10:30:w60:h120:short|volume::flow_cont:11:00:w30:h60:source_volume_rank63>=0.9:source_large20_imbalance0.1:long,7,"participation,volume",True,8,True,True,20.150063512770828
1112,153652.5,1.7332760657145925,0.04730629861744817,1.0493079175774085,6762.5,0.045083333333333336,-3742.5,0.5898876404494382,13.454136690647482,1092.5,15792.5,86057.5,50710.0,volume::flow_no_price_follow:13:30:w15:h120:source_avg_trade_size_rank63>=0.8:source_large20_imbalance0.1:both|volume::flow_cont:10:00:w30:h180:source_trades_rank63>=0.8:source_large20_imbalance0.1:short|volume::vwap_stretch_fade:10:00:w30:h180:source_volume_rank63>=0.8:source_large20_imbalance0.1:short|volume::flow_cont:14:30:w60:h60:source_trades_rank63>=0.9:source_large20_imbalance0.1:both|participation::large20_composition_cont_0.05:10:30:w60:h120:short|volume::flow_cont:13:30:w30:h120:source_trades_rank63>=0.9:source_large20_imbalance0.1:long|volume::flow_cont:15:00:w60:h60:source_avg_trade_size_rank63>=0.8:source_large20_imbalance0.1:long,7,"participation,volume",True,8,True,True,20.14913018688044
919,149930.0,1.7895104066560472,0.04645998187498601,1.2405869659542328,5617.5,0.03745,-3742.5,0.603448275862069,15.451577801958651,6070.0,12775.0,87797.5,43287.5,volume::flow_no_price_follow:13:30:w15:h120:source_avg_trade_size_rank63>=0.8:source_large20_imbalance0.1:both|volume::flow_cont:10:00:w30:h180:source_trades_rank63>=0.8:source_large20_imbalance0.1:short|volume::vwap_stretch_fade:10:00:w30:h180:source_volume_rank63>=0.8:source_large20_imbalance0.1:short|volume::flow_cont:14:30:w60:h60:source_trades_rank63>=0.9:source_large20_imbalance0.1:both|volume::flow_cont:13:30:w60:h120:source_volume_rank63>=0.9:source_large20_imbalance0.1:long|volume::flow_cont:11:00:w30:h60:source_volume_rank63>=0.9:source_large20_imbalance0.1:long|participation::broad_trade_flow_cont_0.1:15:00:w5:h60:short,7,"participation,volume",True,8,True,True,20.138972106618898
1105,154650.0,1.8042749044387238,0.04761012072015913,0.9589148181300933,7447.5,0.04965,-3105.0,0.5642458100558659,13.596380090497737,1412.5,13287.5,80590.0,59360.0,volume::flow_no_price_follow:13:30:w15:h120:source_avg_trade_size_rank63>=0.8:source_large20_imbalance0.1:both|volume::flow_cont:10:00:w30:h120:source_trades_rank63>=0.8:source_large20_imbalance0.1:short|volume::flow_cont:14:30:w60:h60:source_volume_rank63>=0.9:source_large20_imbalance0.1:both|volume::vwap_stretch_fade:10:00:w30:h180:source_volume_rank63>=0.8:source_large20_imbalance0.1:short|volume::flow_cont:13:30:w60:h120:source_volume_rank63>=0.9:source_large20_imbalance0.1:long|participation::large20_composition_cont_0.05:10:30:w60:h120:short|volume::flow_cont:15:00:w60:h60:source_avg_trade_size_rank63>=0.8:source_large20_imbalance0.1:long,7,"participation,volume",True,8,True,True,20.136890758985274
1057,145915.0,1.922461752433936,0.04553609065129538,1.386182363814167,4927.5,0.03285,-3217.5,0.5909090909090909,13.443708609271523,1495.0,6600.0,85307.5,52512.5,volume::flow_no_price_follow:13:30:w15:h120:source_avg_trade_size_rank63>=0.8:source_large20_imbalance0.1:both|volume::flow_cont:10:00:w30:h60:source_trades_rank63>=0.8:source_large20_imbalance0.1:short|volume::flow_cont:14:30:w60:h60:source_trades_rank63>=0.9:source_large20_imbalance0.1:both|volume::flow_cont:13:30:w60:h120:source_volume_rank63>=0.9:source_large20_imbalance0.1:long|participation::large20_composition_cont_0.1:10:30:w30:h120:short|volume::flow_cont:11:00:w30:h60:source_volume_rank63>=0.9:source_large20_imbalance0.1:long|volume::flow_cont:15:00:w60:h60:source_avg_trade_size_rank63>=0.8:source_large20_imbalance0.1:long,7,"participation,volume",True,8,True,True,20.135971238731752
1029,149830.0,1.7620864169273416,0.04643711159072672,1.2438512033230371,5600.0,0.037333333333333336,-3742.5,0.6214689265536724,14.048590864917395,5172.5,12450.0,89347.5,42860.0,volume::flow_no_price_follow:13:30:w15:h120:source_avg_trade_size_rank63>=0.8:source_large20_imbalance0.1:both|volume::flow_cont:10:00:w30:h180:source_trades_rank63>=0.8:source_large20_imbalance0.1:short|volume::vwap_stretch_fade:10:00:w30:h180:source_volume_rank63>=0.8:source_large20_imbalance0.1:short|volume::flow_cont:14:30:w60:h60:source_trades_rank63>=0.9:source_large20_imbalance0.1:both|volume::flow_cont:13:30:w60:h120:source_trades_rank63>=0.9:source_large20_imbalance0.1:long|volume::flow_cont:15:00:w60:h60:source_avg_trade_size_rank63>=0.8:source_large20_imbalance0.1:long|participation::broad_trade_flow_cont_0.1:15:00:w5:h60:short,7,"participation,volume",True,8,True,True,20.129733769828448
957,151502.5,1.9161564394454775,0.046818683195501754,1.066889856335019,6582.5,0.04388333333333334,-3217.5,0.5932203389830508,15.06478578892372,390.0,17090.0,77552.5,56470.0,volume::flow_no_price_follow:13:30:w15:h120:source_avg_trade_size_rank63>=0.8:source_large20_imbalance0.1:both|volume::flow_cont:10:00:w30:h60:source_trades_rank63>=0.8:source_large20_imbalance0.1:short|volume::flow_cont:14:30:w60:h60:source_trades_rank63>=0.9:source_large20_imbalance0.1:both|volume::vwap_stretch_fade:10:00:w30:h180:source_volume_rank63>=0.8:source_large20_imbalance0.1:short|volume::flow_cont:13:30:w60:h120:source_trades_rank63>=0.9:source_large20_imbalance0.1:long|volume::flow_cont:11:00:w30:h60:source_volume_rank63>=0.9:source_large20_imbalance0.1:long|participation::broad_trade_flow_cont_0.05:15:00:w15:h30:long,7,"participation,volume",True,8,True,True,20.128599184708
1109,153330.0,1.7892217418159357,0.047311543817201596,1.0259098767734354,6917.5,0.04611666666666667,-3105.0,0.5810055865921788,13.460775473399458,607.5,14932.5,79140.0,58650.0,volume::flow_no_price_follow:13:30:w15:h120:source_avg_trade_size_rank63>=0.8:source_large20_imbalance0.1:both|volume::flow_cont:10:00:w30:h120:source_trades_rank63>=0.8:source_large20_imbalance0.1:short|volume::flow_cont:14:30:w60:h60:source_volume_rank63>=0.9:source_large20_imbalance0.1:both|volume::vwap_stretch_fade:10:00:w30:h180:source_volume_rank63>=0.8:source_large20_imbalance0.1:short|volume::flow_cont:13:30:w60:h120:source_trades_rank63>=0.9:source_large20_imbalance0.1:long|participation::large20_composition_cont_0.05:10:30:w60:h120:short|volume::flow_cont:15:00:w60:h60:source_avg_trade_size_rank63>=0.8:source_large20_imbalance0.1:long,7,"participation,volume",True,8,True,True,20.128221344117314
1011,151995.0,1.7868763346922927,0.046930667389026404,1.1020900365329096,6387.5,0.042583333333333334,-3742.5,0.601123595505618,14.427299703264095,1082.5,20960.0,81432.5,48520.0,volume::flow_no_price_follow:13:30:w15:h120:source_avg_trade_size_rank63>=0.8:source_large20_imbalance0.1:both|volume::flow_cont:10:00:w30:h180:source_trades_rank63>=0.8:source_large20_imbalance0.1:short|volume::vwap_stretch_fade:10:00:w30:h180:source_volume_rank63>=0.8:source_large20_imbalance0.1:short|volume::flow_cont:14:30:w60:h60:source_trades_rank63>=0.9:source_large20_imbalance0.1:both|volume::flow_cont:13:30:w60:h120:source_volume_rank63>=0.9:source_large20_imbalance0.1:long|participation::large20_composition_cont_0.1:10:30:w60:h120:short|participation::broad_trade_flow_cont_0.05:15:00:w15:h30:long,7,"participation,volume",True,8,True,True,20.120736474528016
958,156297.5,1.858294092612677,0.04798108513374166,1.1132502351216162,6465.0,0.0431,-3742.5,0.615819209039548,15.451983298538622,2780.0,11700.0,88240.0,53577.5,volume::flow_no_price_follow:13:30:w15:h120:source_avg_trade_size_rank63>=0.8:source_large20_imbalance0.1:both|volume::flow_cont:10:00:w30:h180:source_trades_rank63>=0.8:source_large20_imbalance0.1:short|volume::vwap_stretch_fade:10:00:w30:h180:source_volume_rank63>=0.8:source_large20_imbalance0.1:short|volume::flow_cont:14:30:w60:h60:source_volume_rank63>=0.9:source_large20_imbalance0.1:both|volume::flow_cont:13:30:w60:h120:source_volume_rank63>=0.9:source_large20_imbalance0.1:long|volume::flow_cont:11:00:w30:h60:source_volume_rank63>=0.9:source_large20_imbalance0.1:long|volume::flow_cont:15:00:w60:h60:source_avg_trade_size_rank63>=0.8:source_large20_imbalance0.1:long,7,volume,True,8,True,True,20.11247254271098
1081,152595.0,1.7513663892855384,0.04714476415571878,1.0784162597571965,6557.5,0.04371666666666667,-3742.5,0.5875706214689266,13.692876965772433,2177.5,12857.5,81112.5,56447.5,volume::flow_no_price_follow:13:30:w15:h120:source_avg_trade_size_rank63>=0.8:source_large20_imbalance0.1:both|volume::flow_cont:10:00:w30:h180:source_trades_rank63>=0.8:source_large20_imbalance0.1:short|volume::vwap_stretch_fade:10:00:w30:h180:source_volume_rank63>=0.8:source_large20_imbalance0.1:short|volume::flow_cont:14:30:w60:h60:source_volume_rank63>=0.9:source_large20_imbalance0.1:both|participation::large20_composition_cont_0.1:10:30:w30:h120:short|volume::flow_cont:13:30:w30:h120:source_trades_rank63>=0.9:source_large20_imbalance0.1:long|volume::flow_cont:15:00:w60:h60:source_avg_trade_size_rank63>=0.8:source_large20_imbalance0.1:long,7,"participation,volume",True,8,True,True,20.11226260759069
969,156067.5,1.9634837096599942,0.04792940860522621,1.0643095915298195,6755.0,0.045033333333333335,-3217.5,0.6214689265536724,15.284829721362229,1202.5,11490.0,81037.5,62337.5,volume::flow_no_price_follow:13:30:w15:h120:source_avg_trade_size_rank63>=0.8:source_large20_imbalance0.1:both|volume::flow_cont:10:00:w30:h60:source_trades_rank63>=0.8:source_large20_imbalance0.1:short|volume::flow_cont:14:30:w60:h60:source_volume_rank63>=0.9:source_large20_imbalance0.1:both|volume::flow_cont:13:30:w60:h120:source_trades_rank63>=0.9:source_large20_imbalance0.1:long|volume::vwap_stretch_fade:10:00:w30:h180:source_volume_rank63>=0.8:source_large20_imbalance0.1:short|volume::flow_cont:15:00:w60:h60:source_avg_trade_size_rank63>=0.8:source_large20_imbalance0.1:long|volume::flow_cont:11:00:w30:h60:source_volume_rank63>=0.9:source_large20_imbalance0.1:long,7,volume,True,8,True,True,20.109335848822635
949,151317.5,1.9561323139138127,0.04685398246618888,1.0450702408815362,6725.0,0.044833333333333336,-3217.5,0.5795454545454546,15.155953635405691,707.5,14825.0,75417.5,60367.5,volume::flow_no_price_follow:13:30:w15:h120:source_avg_trade_size_rank63>=0.8:source_large20_imbalance0.1:both|volume::flow_cont:13:30:w60:h120:source_volume_rank63>=0.9:source_large20_imbalance0.1:long|volume::flow_cont:10:00:w30:h60:source_trades_rank63>=0.8:source_large20_imbalance0.1:short|volume::flow_cont:14:30:w60:h60:source_volume_rank63>=0.9:source_large20_imbalance0.1:both|volume::vwap_stretch_fade:10:00:w30:h180:source_volume_rank63>=0.8:source_large20_imbalance0.1:short|volume::flow_cont:11:00:w30:h60:source_volume_rank63>=0.9:source_large20_imbalance0.1:long|participation::broad_trade_flow_cont_0.05:15:00:w15:h30:long,7,"participation,volume",True,8,True,True,20.107578285047598
1094,151980.0,1.7450456523071267,0.046927259223426665,1.1020100013329157,6387.5,0.042583333333333334,-3742.5,0.6,13.513711151736747,512.5,19432.5,81555.0,50480.0,volume::flow_no_price_follow:13:30:w15:h120:source_avg_trade_size_rank63>=0.8:source_large20_imbalance0.1:both|volume::flow_cont:10:00:w30:h180:source_trades_rank63>=0.8:source_large20_imbalance0.1:short|volume::vwap_stretch_fade:10:00:w30:h180:source_volume_rank63>=0.8:source_large20_imbalance0.1:short|volume::flow_cont:14:30:w60:h60:source_trades_rank63>=0.9:source_large20_imbalance0.1:both|volume::flow_cont:13:30:w60:h120:source_volume_rank63>=0.9:source_large20_imbalance0.1:long|participation::large20_composition_cont_0.05:10:30:w60:h120:short|participation::broad_trade_flow_cont_0.05:15:00:w15:h30:long,7,"participation,volume",True,8,True,True,20.093090915423495
991,146595.0,2.0313241993070332,0.04576896329375435,1.2505181227801734,5490.0,0.0366,-3217.5,0.5988700564971752,14.234106962663976,705.0,10877.5,83152.5,51860.0,volume::flow_no_price_follow:13:30:w15:h120:source_avg_trade_size_rank63>=0.8:source_large20_imbalance0.1:both|volume::flow_cont:13:30:w60:h120:source_volume_rank63>=0.9:source_large20_imbalance0.1:long|volume::flow_cont:10:00:w30:h60:source_trades_rank63>=0.8:source_large20_imbalance0.1:short|volume::flow_cont:14:30:w60:h60:source_volume_rank63>=0.9:source_large20_imbalance0.1:both|volume::flow_cont:11:00:w30:h60:source_volume_rank63>=0.9:source_large20_imbalance0.1:long|participation::large20_composition_cont_0.1:10:30:w60:h120:short|volume::flow_cont:15:00:w60:h60:source_avg_trade_size_rank63>=0.8:source_large20_imbalance0.1:long,7,"participation,volume",True,8,True,True,20.089286943544185
945,149075.0,1.8181830655452038,0.04634075257644654,1.2374032730693336,5617.5,0.03745,-3742.5,0.5875706214689266,15.02010582010582,675.0,18492.5,79720.0,50187.5,volume::flow_no_price_follow:13:30:w15:h120:source_avg_trade_size_rank63>=0.8:source_large20_imbalance0.1:both|volume::flow_cont:10:00:w30:h180:source_trades_rank63>=0.8:source_large20_imbalance0.1:short|volume::vwap_stretch_fade:10:00:w30:h180:source_volume_rank63>=0.8:source_large20_imbalance0.1:short|volume::flow_cont:14:30:w60:h60:source_volume_rank63>=0.9:source_large20_imbalance0.1:both|volume::flow_cont:13:30:w60:h120:source_trades_rank63>=0.9:source_large20_imbalance0.1:long|participation::broad_trade_flow_cont_0.05:15:00:w15:h30:long|volume::flow_cont:11:00:w30:h60:source_volume_rank63>=0.9:source_large20_imbalance0.1:long,7,"participation,volume",True,8,True,True,20.084534852424916
1053,151472.5,1.8605903073688994,0.04681185630125939,1.0618946608981337,6612.5,0.044083333333333335,-3217.5,0.5681818181818182,13.907882241215574,1617.5,11272.5,80465.0,58117.5,volume::flow_no_price_follow:13:30:w15:h120:source_avg_trade_size_rank63>=0.8:source_large20_imbalance0.1:both|volume::flow_cont:10:00:w30:h60:source_trades_rank63>=0.8:source_large20_imbalance0.1:short|volume::flow_cont:14:30:w60:h60:source_trades_rank63>=0.9:source_large20_imbalance0.1:both|volume::flow_cont:13:30:w60:h120:source_volume_rank63>=0.9:source_large20_imbalance0.1:long|volume::vwap_stretch_fade:10:00:w30:h180:source_volume_rank63>=0.8:source_large20_imbalance0.1:short|volume::flow_cont:15:00:w60:h60:source_avg_trade_size_rank63>=0.8:source_large20_imbalance0.1:long|participation::large20_composition_cont_0.1:10:00:w30:h60:short,7,"participation,volume",True,8,True,True,20.080137847420627
924,151330.0,1.9311899084685793,0.0468568332642425,1.045133827455223,6725.0,0.044833333333333336,-3217.5,0.6149425287356322,15.502164502164502,4962.5,11687.5,78290.0,56390.0,volume::flow_no_price_follow:13:30:w15:h120:source_avg_trade_size_rank63>=0.8:source_large20_imbalance0.1:both|volume::flow_cont:13:30:w60:h120:source_volume_rank63>=0.9:source_large20_imbalance0.1:long|volume::flow_cont:10:00:w30:h60:source_trades_rank63>=0.8:source_large20_imbalance0.1:short|volume::flow_cont:14:30:w60:h60:source_volume_rank63>=0.9:source_large20_imbalance0.1:both|volume::vwap_stretch_fade:10:00:w30:h180:source_volume_rank63>=0.8:source_large20_imbalance0.1:short|participation::broad_trade_flow_cont_0.1:15:00:w5:h60:short|volume::flow_cont:11:00:w30:h60:source_volume_rank63>=0.9:source_large20_imbalance0.1:long,7,"participation,volume",True,8,True,True,20.07861581675962
1050,150987.5,1.8955102161857595,0.04670139999618783,1.0593890358303477,6612.5,0.044083333333333335,-3217.5,0.6089385474860335,13.903809523809525,945.0,12015.0,79572.5,58455.0,volume::flow_no_price_follow:13:30:w15:h120:source_avg_trade_size_rank63>=0.8:source_large20_imbalance0.1:both|volume::flow_cont:14:30:w60:h60:source_trades_rank63>=0.9:source_large20_imbalance0.1:both|volume::flow_cont:10:00:w30:h60:source_volume_rank63>=0.8:source_large20_imbalance0.1:short|volume::flow_cont:13:30:w60:h120:source_volume_rank63>=0.9:source_large20_imbalance0.1:long|volume::vwap_stretch_fade:10:00:w30:h180:source_volume_rank63>=0.8:source_large20_imbalance0.1:short|volume::flow_cont:15:00:w60:h60:source_avg_trade_size_rank63>=0.8:source_large20_imbalance0.1:long|participation::broad_trade_flow_cont_0.05:15:00:w15:h30:long,7,"participation,volume",True,8,True,True,20.06348205952483
1071,149595.0,1.7954430648977746,0.04638333835325614,1.1908430899423914,5842.5,0.03895,-3742.5,0.6201117318435754,13.57422969187675,42.5,16070.0,88515.0,44967.5,volume::flow_no_price_follow:13:30:w15:h120:source_avg_trade_size_rank63>=0.8:source_large20_imbalance0.1:both|volume::flow_cont:10:00:w30:h180:source_trades_rank63>=0.8:source_large20_imbalance0.1:short|volume::vwap_stretch_fade:10:00:w30:h180:source_volume_rank63>=0.8:source_large20_imbalance0.1:short|volume::flow_cont:14:30:w60:h60:source_trades_rank63>=0.9:source_large20_imbalance0.1:both|volume::flow_cont:13:30:w30:h60:source_trades_rank63>=0.9:source_large20_imbalance0.1:long|participation::broad_trade_flow_cont_0.05:15:00:w15:h30:long|volume::flow_cont:15:00:w60:h60:source_avg_trade_size_rank63>=0.8:source_large20_imbalance0.1:long,7,"participation,volume",True,8,True,True,20.062242423166314
1024,151267.5,1.9061868176304084,0.04684257816886017,1.0401756810257625,6755.0,0.045033333333333335,-3217.5,0.6271186440677966,14.2177734375,3617.5,11927.5,80142.5,55580.0,volume::flow_no_price_follow:13:30:w15:h120:source_avg_trade_size_rank63>=0.8:source_large20_imbalance0.1:both|volume::flow_cont:10:00:w30:h60:source_trades_rank63>=0.8:source_large20_imbalance0.1:short|volume::flow_cont:14:30:w60:h60:source_volume_rank63>=0.9:source_large20_imbalance0.1:both|volume::flow_cont:13:30:w60:h120:source_trades_rank63>=0.9:source_large20_imbalance0.1:long|volume::vwap_stretch_fade:10:00:w30:h180:source_volume_rank63>=0.8:source_large20_imbalance0.1:short|volume::flow_cont:15:00:w60:h60:source_avg_trade_size_rank63>=0.8:source_large20_imbalance0.1:long|participation::broad_trade_flow_cont_0.1:15:00:w5:h60:short,7,"participation,volume",True,8,True,True,20.058935410304006
926,151020.0,1.9000670490948373,0.04670880690466617,1.0643860289707443,6582.5,0.04388333333333334,-3217.5,0.603448275862069,15.44708423326134,5297.5,10920.0,82045.0,52757.5,volume::flow_no_price_follow:13:30:w15:h120:source_avg_trade_size_rank63>=0.8:source_large20_imbalance0.1:both|volume::flow_cont:10:00:w30:h60:source_trades_rank63>=0.8:source_large20_imbalance0.1:short|volume::flow_cont:14:30:w60:h60:source_trades_rank63>=0.9:source_large20_imbalance0.1:both|volume::flow_cont:13:30:w60:h120:source_volume_rank63>=0.9:source_large20_imbalance0.1:long|volume::vwap_stretch_fade:10:00:w30:h180:source_volume_rank63>=0.8:source_large20_imbalance0.1:short|volume::flow_cont:11:00:w30:h60:source_volume_rank63>=0.9:source_large20_imbalance0.1:long|participation::broad_trade_flow_cont_0.1:15:00:w5:h60:short,7,"participation,volume",True,8,True,True,20.055177124512085
1049,151017.5,1.8319262921595902,0.04670823716900685,1.084976473147662,6457.5,0.04305,-3105.0,0.5977653631284916,13.917063870352717,1860.0,15135.0,83017.5,51005.0,volume::flow_no_price_follow:13:30:w15:h120:source_avg_trade_size_rank63>=0.8:source_large20_imbalance0.1:both|volume::flow_cont:10:00:w30:h120:source_trades_rank63>=0.8:source_large20_imbalance0.1:short|volume::flow_cont:14:30:w60:h60:source_trades_rank63>=0.9:source_large20_imbalance0.1:both|volume::vwap_stretch_fade:10:00:w30:h180:source_volume_rank63>=0.8:source_large20_imbalance0.1:short|volume::flow_cont:13:30:w60:h120:source_volume_rank63>=0.9:source_large20_imbalance0.1:long|volume::flow_cont:15:00:w60:h60:source_avg_trade_size_rank63>=0.8:source_large20_imbalance0.1:long|participation::broad_trade_flow_cont_0.05:15:00:w15:h30:long,7,"participation,volume",True,8,True,True,20.048961853937566
1047,150802.5,1.8949437702145338,0.04665922335339023,1.0584322877895704,6612.5,0.044083333333333335,-3217.5,0.6089385474860335,13.922636103151863,82.5,16365.0,79280.0,55075.0,volume::flow_no_price_follow:13:30:w15:h120:source_avg_trade_size_rank63>=0.8:source_large20_imbalance0.1:both|volume::flow_cont:10:00:w30:h60:source_trades_rank63>=0.8:source_large20_imbalance0.1:short|volume::flow_cont:14:30:w60:h60:source_trades_rank63>=0.9:source_large20_imbalance0.1:both|volume::vwap_stretch_fade:10:00:w30:h180:source_volume_rank63>=0.8:source_large20_imbalance0.1:short|volume::flow_cont:13:30:w30:h120:source_trades_rank63>=0.9:source_large20_imbalance0.1:long|participation::broad_trade_flow_cont_0.05:15:00:w15:h30:long|volume::flow_cont:15:00:w60:h60:source_avg_trade_size_rank63>=0.8:source_large20_imbalance0.1:long,7,"participation,volume",True,8,True,True,20.042887164313637
1006,153020.0,1.7888035465745658,0.04716318479023873,1.00418420419245,7045.0,0.046966666666666664,-3105.0,0.559322033898305,14.56858846918489,1642.5,14770.0,81162.5,55445.0,volume::flow_no_price_follow:13:30:w15:h120:source_avg_trade_size_rank63>=0.8:source_large20_imbalance0.1:both|volume::flow_cont:10:00:w30:h120:source_trades_rank63>=0.8:source_large20_imbalance0.1:short|volume::flow_cont:14:30:w60:h60:source_trades_rank63>=0.9:source_large20_imbalance0.1:both|volume::vwap_stretch_fade:10:00:w30:h180:source_volume_rank63>=0.8:source_large20_imbalance0.1:short|volume::flow_cont:13:30:w60:h120:source_volume_rank63>=0.9:source_large20_imbalance0.1:long|participation::large20_composition_cont_0.05:10:30:w60:h120:short|volume::flow_cont:11:00:w30:h60:source_volume_rank63>=0.9:source_large20_imbalance0.1:long,7,"participation,volume",True,8,True,True,20.038600595977396
1073,149810.0,1.7300860157411242,0.04643253667854852,1.2018775671755442,5795.0,0.03863333333333333,-3742.5,0.6067415730337079,13.569431500465983,930.0,18402.5,78382.5,52095.0,volume::flow_no_price_follow:13:30:w15:h120:source_avg_trade_size_rank63>=0.8:source_large20_imbalance0.1:both|volume::flow_cont:10:00:w30:h180:source_trades_rank63>=0.8:source_large20_imbalance0.1:short|volume::vwap_stretch_fade:10:00:w30:h180:source_volume_rank63>=0.8:source_large20_imbalance0.1:short|volume::flow_cont:14:30:w60:h60:source_trades_rank63>=0.9:source_large20_imbalance0.1:both|volume::flow_cont:13:30:w60:h120:source_trades_rank63>=0.9:source_large20_imbalance0.1:long|participation::large20_composition_cont_0.1:10:30:w30:h120:short|participation::broad_trade_flow_cont_0.05:15:00:w15:h30:long,7,"participation,volume",True,8,True,True,20.036125971263765
1046,151120.0,1.8880139853975995,0.04680892518523394,1.0394283904937218,6755.0,0.045033333333333335,-3217.5,0.576271186440678,13.957934990439771,1480.0,11180.0,76710.0,61750.0,volume::flow_no_price_follow:13:30:w15:h120:source_avg_trade_size_rank63>=0.8:source_large20_imbalance0.1:both|volume::flow_cont:13:30:w60:h120:source_volume_rank63>=0.9:source_large20_imbalance0.1:long|volume::flow_cont:10:00:w30:h60:source_trades_rank63>=0.8:source_large20_imbalance0.1:short|volume::flow_cont:14:30:w60:h60:source_volume_rank63>=0.9:source_large20_imbalance0.1:both|volume::vwap_stretch_fade:10:00:w30:h180:source_volume_rank63>=0.8:source_large20_imbalance0.1:short|volume::flow_cont:15:00:w60:h60:source_avg_trade_size_rank63>=0.8:source_large20_imbalance0.1:long|participation::large20_composition_cont_0.1:10:00:w30:h60:short,7,"participation,volume",True,8,True,True,20.029512551398764
1033,153697.5,1.811979132272337,0.047316470011513845,0.9504480082660967,7467.5,0.04978333333333333,-3105.0,0.5738636363636364,14.303000968054212,1315.0,16552.5,82772.5,53057.5,volume::flow_no_price_follow:13:30:w15:h120:source_avg_trade_size_rank63>=0.8:source_large20_imbalance0.1:both|volume::flow_cont:10:00:w30:h120:source_trades_rank63>=0.8:source_large20_imbalance0.1:short|volume::flow_cont:14:30:w60:h60:source_trades_rank63>=0.9:source_large20_imbalance0.1:both|volume::vwap_stretch_fade:10:00:w30:h180:source_volume_rank63>=0.8:source_large20_imbalance0.1:short|volume::flow_cont:13:30:w60:h120:source_trades_rank63>=0.9:source_large20_imbalance0.1:long|participation::large20_composition_cont_0.1:10:30:w60:h120:short|volume::flow_cont:15:00:w60:h60:source_avg_trade_size_rank63>=0.8:source_large20_imbalance0.1:long,7,"participation,volume",True,8,True,True,20.024748484885443
1064,150655.0,1.7422891210090659,0.04670273181988449,1.1321874380578059,6187.5,0.04125,-3742.5,0.5842696629213483,13.727443609022556,4280.0,15842.5,80842.5,49690.0,volume::flow_no_price_follow:13:30:w15:h120:source_avg_trade_size_rank63>=0.8:source_large20_imbalance0.1:both|volume::flow_cont:10:00:w30:h180:source_trades_rank63>=0.8:source_large20_imbalance0.1:short|volume::vwap_stretch_fade:10:00:w30:h180:source_volume_rank63>=0.8:source_large20_imbalance0.1:short|volume::flow_cont:14:30:w60:h60:source_volume_rank63>=0.9:source_large20_imbalance0.1:both|volume::flow_cont:13:30:w60:h120:source_volume_rank63>=0.9:source_large20_imbalance0.1:long|participation::large20_composition_cont_0.05:10:30:w60:h120:short|participation::broad_trade_flow_cont_0.1:15:00:w5:h60:short,7,"participation,volume",True,8,True,True,20.009122574695578
1096,151782.5,1.766752544770276,0.046959957826137266,1.0513423393911328,6700.0,0.04466666666666667,-3742.5,0.576271186440678,13.479014598540147,587.5,11560.0,84207.5,55427.5,volume::flow_no_price_follow:13:30:w15:h120:source_avg_trade_size_rank63>=0.8:source_large20_imbalance0.1:both|volume::flow_cont:10:00:w30:h180:source_trades_rank63>=0.8:source_large20_imbalance0.1:short|volume::vwap_stretch_fade:10:00:w30:h180:source_volume_rank63>=0.8:source_large20_imbalance0.1:short|volume::flow_cont:14:30:w60:h60:source_volume_rank63>=0.9:source_large20_imbalance0.1:both|participation::large20_composition_cont_0.1:10:30:w30:h120:short|volume::flow_cont:13:30:w30:h60:source_trades_rank63>=0.9:source_large20_imbalance0.1:long|volume::flow_cont:15:00:w60:h60:source_avg_trade_size_rank63>=0.8:source_large20_imbalance0.1:long,7,"participation,volume",True,8,True,True,20.003078442883123
973,155072.5,1.9197793561588992,0.047626585598488536,1.080376232857963,6612.5,0.044083333333333335,-3217.5,0.6136363636363636,15.15005138746146,2730.0,7755.0,83797.5,60790.0,volume::flow_no_price_follow:13:30:w15:h120:source_avg_trade_size_rank63>=0.8:source_large20_imbalance0.1:both|volume::flow_cont:14:30:w60:h60:source_trades_rank63>=0.9:source_large20_imbalance0.1:both|volume::flow_cont:10:00:w30:h60:source_volume_rank63>=0.8:source_large20_imbalance0.1:short|volume::flow_cont:13:30:w60:h120:source_volume_rank63>=0.9:source_large20_imbalance0.1:long|volume::vwap_stretch_fade:10:00:w30:h180:source_volume_rank63>=0.8:source_large20_imbalance0.1:short|volume::flow_cont:15:00:w60:h60:source_avg_trade_size_rank63>=0.8:source_large20_imbalance0.1:long|volume::flow_cont:11:00:w30:h60:source_volume_rank63>=0.9:source_large20_imbalance0.1:long,7,volume,True,8,True,True,20.002021183078703
939,151680.0,1.801797277652967,0.046859062669315055,1.052618405151218,6677.5,0.04451666666666667,-3742.5,0.5942857142857143,15.322683706070288,552.5,17142.5,86537.5,47447.5,volume::flow_no_price_follow:13:30:w15:h120:source_avg_trade_size_rank63>=0.8:source_large20_imbalance0.1:both|volume::flow_cont:10:00:w30:h180:source_trades_rank63>=0.8:source_large20_imbalance0.1:short|volume::vwap_stretch_fade:10:00:w30:h180:source_volume_rank63>=0.8:source_large20_imbalance0.1:short|volume::flow_cont:14:30:w60:h60:source_trades_rank63>=0.9:source_large20_imbalance0.1:both|volume::flow_cont:13:30:w30:h60:source_trades_rank63>=0.9:source_large20_imbalance0.1:long|participation::large20_composition_cont_0.1:10:30:w60:h120:short|volume::flow_cont:11:00:w30:h60:source_volume_rank63>=0.9:source_large20_imbalance0.1:long,7,"participation,volume",True,8,True,True,20.001258324523658
1006,150657.5,1.8018708501323966,0.04670330316214888,1.0967507591894061,6387.5,0.042583333333333334,-3742.5,0.5898876404494382,14.380715705765407,595.0,20507.5,77847.5,51707.5,volume::flow_no_price_follow:13:30:w15:h120:source_avg_trade_size_rank63>=0.8:source_large20_imbalance0.1:both|volume::flow_cont:10:00:w30:h180:source_trades_rank63>=0.8:source_large20_imbalance0.1:short|volume::vwap_stretch_fade:10:00:w30:h180:source_volume_rank63>=0.8:source_large20_imbalance0.1:short|volume::flow_cont:14:30:w60:h60:source_volume_rank63>=0.9:source_large20_imbalance0.1:both|volume::flow_cont:13:30:w60:h120:source_volume_rank63>=0.9:source_large20_imbalance0.1:long|participation::large20_composition_cont_0.1:10:30:w60:h120:short|participation::broad_trade_flow_cont_0.05:15:00:w15:h30:long,7,"participation,volume",True,8,True,True,19.995651121198847
1065,149625.0,1.755348015397236,0.04646696031458264,1.173902155315772,5937.5,0.03958333333333333,-3742.5,0.5955056179775281,13.63943661971831,1247.5,16137.5,76247.5,55992.5,volume::flow_no_price_follow:13:30:w15:h120:source_avg_trade_size_rank63>=0.8:source_large20_imbalance0.1:both|volume::flow_cont:10:00:w30:h180:source_trades_rank63>=0.8:source_large20_imbalance0.1:short|volume::vwap_stretch_fade:10:00:w30:h180:source_volume_rank63>=0.8:source_large20_imbalance0.1:short|volume::flow_cont:14:30:w60:h60:source_volume_rank63>=0.9:source_large20_imbalance0.1:both|volume::flow_cont:13:30:w60:h120:source_volume_rank63>=0.9:source_large20_imbalance0.1:long|participation::large20_composition_cont_0.1:10:30:w30:h120:short|participation::broad_trade_flow_cont_0.05:15:00:w15:h30:long,7,"participation,volume",True,8,True,True,19.9944172249915
1014,150842.5,1.7735909533822247,0.046668344681001894,1.0959298163836062,6387.5,0.042583333333333334,-3742.5,0.6123595505617978,14.300788954635108,277.5,22772.5,79982.5,47810.0,volume::flow_no_price_follow:13:30:w15:h120:source_avg_trade_size_rank63>=0.8:source_large20_imbalance0.1:both|volume::flow_cont:10:00:w30:h180:source_trades_rank63>=0.8:source_large20_imbalance0.1:short|volume::vwap_stretch_fade:10:00:w30:h180:source_volume_rank63>=0.8:source_large20_imbalance0.1:short|volume::flow_cont:14:30:w60:h60:source_trades_rank63>=0.9:source_large20_imbalance0.1:both|volume::flow_cont:13:30:w60:h120:source_trades_rank63>=0.9:source_large20_imbalance0.1:long|participation::large20_composition_cont_0.1:10:30:w60:h120:short|participation::broad_trade_flow_cont_0.05:15:00:w15:h30:long,7,"participation,volume",True,8,True,True,19.986632881394343
1050,145562.5,1.955463660381693,0.045529591813741055,1.2849367398045455,5315.0,0.03543333333333333,-3217.5,0.6101694915254238,13.49047619047619,1357.5,6507.5,81552.5,56145.0,volume::flow_no_price_follow:13:30:w15:h120:source_avg_trade_size_rank63>=0.8:source_large20_imbalance0.1:both|volume::flow_cont:13:30:w60:h120:source_volume_rank63>=0.9:source_large20_imbalance0.1:long|volume::flow_cont:10:00:w30:h60:source_trades_rank63>=0.8:source_large20_imbalance0.1:short|volume::flow_cont:14:30:w60:h60:source_volume_rank63>=0.9:source_large20_imbalance0.1:both|participation::large20_composition_cont_0.1:10:30:w30:h120:short|volume::flow_cont:15:00:w60:h60:source_avg_trade_size_rank63>=0.8:source_large20_imbalance0.1:long|volume::flow_cont:11:00:w30:h60:source_volume_rank63>=0.9:source_large20_imbalance0.1:long,7,"participation,volume",True,8,True,True,19.979483207694965
922,148340.0,1.7924039475968536,0.0461717541736133,1.232890632139207,5617.5,0.03745,-3742.5,0.6057142857142858,15.271149674620391,4930.0,14607.5,82592.5,46210.0,volume::flow_no_price_follow:13:30:w15:h120:source_avg_trade_size_rank63>=0.8:source_large20_imbalance0.1:both|volume::flow_cont:10:00:w30:h180:source_trades_rank63>=0.8:source_large20_imbalance0.1:short|volume::vwap_stretch_fade:10:00:w30:h180:source_volume_rank63>=0.8:source_large20_imbalance0.1:short|volume::flow_cont:14:30:w60:h60:source_volume_rank63>=0.9:source_large20_imbalance0.1:both|volume::flow_cont:13:30:w60:h120:source_trades_rank63>=0.9:source_large20_imbalance0.1:long|participation::broad_trade_flow_cont_0.1:15:00:w5:h60:short|volume::flow_cont:11:00:w30:h60:source_volume_rank63>=0.9:source_large20_imbalance0.1:long,7,"participation,volume",True,8,True,True,19.97582042663663
1061,144595.0,1.9027313875448728,0.0452297857263122,1.3768580129775405,4927.5,0.03285,-3217.5,0.5965909090909091,13.302544769085769,690.0,8245.0,83857.5,51802.5,volume::flow_no_price_follow:13:30:w15:h120:source_avg_trade_size_rank63>=0.8:source_large20_imbalance0.1:both|volume::flow_cont:10:00:w30:h60:source_trades_rank63>=0.8:source_large20_imbalance0.1:short|volume::flow_cont:14:30:w60:h60:source_trades_rank63>=0.9:source_large20_imbalance0.1:both|volume::flow_cont:11:00:w30:h60:source_volume_rank63>=0.9:source_large20_imbalance0.1:long|participation::large20_composition_cont_0.1:10:30:w30:h120:short|volume::flow_cont:13:30:w60:h120:source_trades_rank63>=0.9:source_large20_imbalance0.1:long|volume::flow_cont:15:00:w60:h60:source_avg_trade_size_rank63>=0.8:source_large20_imbalance0.1:long,7,"participation,volume",True,8,True,True,19.97567124088279
1040,149637.5,1.7395349411880991,0.04646982615581008,1.1739745555152021,5937.5,0.03958333333333333,-3742.5,0.5852272727272727,13.910576923076922,5502.5,13000.0,79120.0,52015.0,volume::flow_no_price_follow:13:30:w15:h120:source_avg_trade_size_rank63>=0.8:source_large20_imbalance0.1:both|volume::flow_cont:10:00:w30:h180:source_trades_rank63>=0.8:source_large20_imbalance0.1:short|volume::vwap_stretch_fade:10:00:w30:h180:source_volume_rank63>=0.8:source_large20_imbalance0.1:short|volume::flow_cont:14:30:w60:h60:source_volume_rank63>=0.9:source_large20_imbalance0.1:both|volume::flow_cont:13:30:w60:h120:source_volume_rank63>=0.9:source_large20_imbalance0.1:long|participation::large20_composition_cont_0.1:10:30:w30:h120:short|participation::broad_trade_flow_cont_0.1:15:00:w5:h60:short,7,"participation,volume",True,8,True,True,19.975180243759624
1029,150405.0,1.8706260310844838,0.04656851851169397,1.0563747110403168,6612.5,0.044083333333333335,-3217.5,0.6214689265536724,14.093294460641399,3760.0,10800.0,83897.5,51947.5,volume::flow_no_price_follow:13:30:w15:h120:source_avg_trade_size_rank63>=0.8:source_large20_imbalance0.1:both|volume::flow_cont:10:00:w30:h60:source_trades_rank63>=0.8:source_large20_imbalance0.1:short|volume::flow_cont:14:30:w60:h60:source_trades_rank63>=0.9:source_large20_imbalance0.1:both|volume::vwap_stretch_fade:10:00:w30:h180:source_volume_rank63>=0.8:source_large20_imbalance0.1:short|volume::flow_cont:13:30:w60:h120:source_trades_rank63>=0.9:source_large20_imbalance0.1:long|volume::flow_cont:15:00:w60:h60:source_avg_trade_size_rank63>=0.8:source_large20_imbalance0.1:long|participation::broad_trade_flow_cont_0.1:15:00:w5:h60:short,7,"participation,volume",True,8,True,True,19.973296891702866
1020,150500.0,1.9004966193980735,0.04666729992735297,1.0362834920951807,6755.0,0.045033333333333335,-3217.5,0.6214689265536724,14.20392156862745,5007.5,8680.0,79147.5,57665.0,volume::flow_no_price_follow:13:30:w15:h120:source_avg_trade_size_rank63>=0.8:source_large20_imbalance0.1:both|volume::vwap_stretch_fade:10:00:w30:h180:source_volume_rank63>=0.8:source_large20_imbalance0.1:short|volume::flow_cont:10:00:w30:h60:source_volume_rank63>=0.8:source_large20_imbalance0.1:short|volume::flow_cont:14:30:w60:h60:source_volume_rank63>=0.9:source_large20_imbalance0.1:both|volume::flow_cont:13:30:w60:h120:source_volume_rank63>=0.9:source_large20_imbalance0.1:long|volume::flow_cont:15:00:w60:h60:source_avg_trade_size_rank63>=0.8:source_large20_imbalance0.1:long|participation::broad_trade_flow_cont_0.1:15:00:w5:h60:short,7,"participation,volume",True,8,True,True,19.97182100845952
1010,151700.0,1.7740388295022578,0.04686361107740056,1.0421855688080184,6745.0,0.04496666666666667,-3105.0,0.5706214689265536,14.415841584158416,837.5,16415.0,79712.5,54735.0,volume::flow_no_price_follow:13:30:w15:h120:source_avg_trade_size_rank63>=0.8:source_large20_imbalance0.1:both|volume::flow_cont:10:00:w30:h120:source_trades_rank63>=0.8:source_large20_imbalance0.1:short|volume::flow_cont:14:30:w60:h60:source_trades_rank63>=0.9:source_large20_imbalance0.1:both|volume::vwap_stretch_fade:10:00:w30:h180:source_volume_rank63>=0.8:source_large20_imbalance0.1:short|volume::flow_cont:13:30:w60:h120:source_trades_rank63>=0.9:source_large20_imbalance0.1:long|participation::large20_composition_cont_0.05:10:30:w60:h120:short|volume::flow_cont:11:00:w30:h60:source_volume_rank63>=0.9:source_large20_imbalance0.1:long,7,"participation,volume",True,8,True,True,19.970630108781037
1042,149327.5,1.7192519808299016,0.04632208040216268,1.199018474603003,5795.0,0.03863333333333333,-3742.5,0.5795454545454546,13.86468330134357,5837.5,12232.5,82875.0,48382.5,volume::flow_no_price_follow:13:30:w15:h120:source_avg_trade_size_rank63>=0.8:source_large20_imbalance0.1:both|volume::flow_cont:10:00:w30:h180:source_trades_rank63>=0.8:source_large20_imbalance0.1:short|volume::vwap_stretch_fade:10:00:w30:h180:source_volume_rank63>=0.8:source_large20_imbalance0.1:short|volume::flow_cont:14:30:w60:h60:source_trades_rank63>=0.9:source_large20_imbalance0.1:both|volume::flow_cont:13:30:w60:h120:source_volume_rank63>=0.9:source_large20_imbalance0.1:long|participation::large20_composition_cont_0.1:10:30:w30:h120:short|participation::broad_trade_flow_cont_0.1:15:00:w5:h60:short,7,"participation,volume",True,8,True,True,19.968325079766394
